"record_ID","sex","calculated_age","age_at_survey","Menarca","last_period","last_period_age","cycle_regularity","pregnant","pregnancies","pregnancies_number","pregn_compl","pregn_end","pregn_end_2","pregn_end_3","pregn_end_4","pregn_end_5","preeclampsie","preeclampsie_2","preeclampsie_3","preeclampsie_4","preeclampsie_5","aborto","enf_hipertensiva_embarazo","diabetes_gestacional","ectopico","histerectomy","ooforectomy","sop","contraceptives","PlaceOfBirth","rep_life","qc_age_last_period","qc_amenorrea_conflict","qc_menarca_equal_last","qc_rep_life_neg","qc_pregnancy_conflict","qc_any","menstrual_status"
3,"woman",23,23,12,1,23,0,0,0,0,0,0,0,0,0,0,0,0,0,0,0,0,0,0,0,0,0,0,0,13,11,0,0,0,0,0,0,"Menstruating"
25,"woman",20,20,12,1,20,1,0,0,0,0,0,0,0,0,0,0,0,0,0,0,0,0,0,0,0,0,0,0,16,8,0,0,0,0,0,0,"Menstruating"
26,"woman",21,21,12,1,21,1,0,0,0,0,0,0,0,0,0,0,0,0,0,0,0,0,0,0,0,0,0,0,7,9,0,0,0,0,0,0,"Menstruating"
39,"woman",22,22,11,1,22,1,0,0,0,0,0,0,0,0,0,0,0,0,0,0,0,0,0,0,0,0,0,0,12,11,0,0,0,0,0,0,"Menstruating"
62,"woman",23,23,12,1,23,0,0,0,0,0,0,0,0,0,0,0,0,0,0,0,0,0,0,0,0,0,0,0,22,11,0,0,0,0,0,0,"Menstruating"
64,"woman",26,26,12,1,26,1,0,0,0,0,0,0,0,0,0,0,0,0,0,0,0,0,0,0,0,0,0,0,25,14,0,0,0,0,0,0,"Menstruating"
71,"woman",26,26,12,1,26,0,0,1,1,0,0,0,0,0,0,0,0,0,0,0,0,0,0,0,0,0,0,0,22,14,0,0,0,0,0,0,"Menstruating"
73,"woman",24,24,13,1,24,1,0,0,0,0,0,0,0,0,0,0,0,0,0,0,0,0,0,0,0,0,0,0,22,11,0,0,0,0,0,0,"Menstruating"
78,"woman",25,24,11,1,24,1,0,1,1,0,2,0,0,0,0,0,0,0,0,0,1,0,0,0,0,0,0,0,22,13,0,0,0,0,0,0,"Menstruating"
80,"woman",29,29,13,1,29,1,0,0,0,0,0,0,0,0,0,0,0,0,0,0,0,0,0,0,0,0,0,1,22,16,0,0,0,0,0,0,"Menstruating"
82,"woman",22,22,11,1,22,1,0,0,0,0,0,0,0,0,0,0,0,0,0,0,0,0,0,0,0,0,0,0,11,11,0,0,0,0,0,0,"Menstruating"
106,"woman",32,32,12,1,32,0,0,1,1,0,0,0,0,0,0,0,0,0,0,0,0,0,0,0,0,0,1,0,18,20,0,0,0,0,0,0,"Menstruating"
120,"woman",33,33,11,1,33,1,0,0,0,0,0,0,0,0,0,0,0,0,0,0,0,0,0,0,0,0,0,0,21,22,0,0,0,0,0,0,"Menstruating"
161,"woman",21,21,12,1,21,1,0,0,0,0,0,0,0,0,0,0,0,0,0,0,0,0,0,0,0,0,0,1,22,9,0,0,0,0,0,0,"Menstruating"
179,"woman",21,21,9,1,21,1,0,0,0,0,0,0,0,0,0,0,0,0,0,0,0,0,0,0,0,0,0,0,20,12,0,0,0,0,0,0,"Menstruating"
184,"woman",23,23,13,1,23,1,0,0,0,0,0,0,0,0,0,0,0,0,0,0,0,0,0,0,0,0,0,0,22,10,0,0,0,0,0,0,"Menstruating"
235,"woman",31,31,11,1,31,1,0,0,0,0,0,0,0,0,0,0,0,0,0,0,0,0,0,0,0,0,0,0,11,20,0,0,0,0,0,0,"Menstruating"
244,"woman",25,25,10,1,25,1,0,0,0,0,0,0,0,0,0,0,0,0,0,0,0,0,0,0,0,0,0,0,17,15,0,0,0,0,0,0,"Menstruating"
266,"woman",21,21,11,1,21,1,0,0,0,0,0,0,0,0,0,0,0,0,0,0,0,0,0,0,0,0,0,0,28,10,0,0,0,0,0,0,"Menstruating"
291,"woman",36,36,13,1,36,1,0,0,0,0,0,0,0,0,0,0,0,0,0,0,0,0,0,0,0,0,0,0,22,23,0,0,0,0,0,0,"Menstruating"
305,"woman",23,23,10,1,23,1,0,0,0,0,0,0,0,0,0,0,0,0,0,0,0,0,0,0,0,0,0,0,7,13,0,0,0,0,0,0,"Menstruating"
552,"woman",28,28,12,1,28,1,0,0,0,0,0,0,0,0,0,0,0,0,0,0,0,0,0,0,0,0,0,0,12,16,0,0,0,0,0,0,"Menstruating"
581,"woman",43,43,11,1,43,1,0,1,4,0,0,2,0,0,0,0,0,0,0,0,0,0,0,0,0,0,0,0,7,32,0,0,0,0,0,0,"Menstruating"
1757,"woman",24,24,14,1,24,0,0,0,0,0,0,0,0,0,0,0,0,0,0,0,0,0,0,0,0,0,0,0,11,10,0,0,0,0,0,0,"Menstruating"
1764,"woman",22,22,11,1,22,1,0,1,1,0,2,0,0,0,0,0,0,0,0,0,1,0,0,0,0,0,0,0,12,11,0,0,0,0,0,0,"Menstruating"
1769,"woman",24,24,13,1,24,1,0,0,0,0,0,0,0,0,0,0,0,0,0,0,0,0,0,0,0,0,0,0,11,11,0,0,0,0,0,0,"Menstruating"
1810,"woman",24,24,14,1,24,1,0,0,0,0,0,0,0,0,0,0,0,0,0,0,0,0,0,0,0,1,1,0,7,10,0,0,0,0,0,0,"Menstruating"
1881,"woman",22,22,13,1,22,1,0,0,0,0,0,0,0,0,0,0,0,0,0,0,0,0,0,0,0,0,0,0,22,9,0,0,0,0,0,0,"Menstruating"
2295,"woman",27,27,14,1,27,1,0,0,0,0,0,0,0,0,0,0,0,0,0,0,0,0,0,0,0,0,0,0,NA,13,0,0,0,0,0,0,"Menstruating"
2306,"woman",33,33,13,1,33,1,0,1,1,0,2,0,0,0,0,0,0,0,0,0,0,0,0,0,0,1,0,0,11,20,0,0,0,0,0,0,"Menstruating"
2437,"woman",23,23,15,1,23,0,0,1,1,0,2,0,0,0,0,0,0,0,0,0,1,0,0,0,0,0,0,0,16,8,0,0,0,0,0,0,"Menstruating"
2438,"woman",49,49,16,0,47,1,0,1,3,0,0,0,0,0,0,0,0,0,0,0,0,0,0,0,0,0,0,0,12,31,0,0,0,0,0,0,"Amenorrhea_natural"
2446,"woman",27,27,12,1,27,1,0,0,0,0,0,0,0,0,0,0,0,0,0,0,0,0,0,0,0,0,0,1,16,15,0,0,0,0,0,0,"Menstruating"
2489,"woman",30,30,12,1,30,1,0,0,0,0,0,0,0,0,0,0,0,0,0,0,0,0,0,0,0,0,0,0,22,18,0,0,0,0,0,0,"Menstruating"
2493,"woman",38,38,11,1,38,1,0,0,0,0,0,0,0,0,0,0,0,0,0,0,0,0,0,0,0,0,0,0,7,27,0,0,0,0,0,0,"Menstruating"
2527,"woman",48,48,14,0,46,1,0,0,0,0,0,0,0,0,0,0,0,0,0,0,0,0,0,0,0,0,0,0,14,32,0,0,0,0,0,0,"Amenorrhea_natural"
2532,"woman",32,32,15,1,32,1,0,1,1,0,0,0,0,0,0,0,0,0,0,0,0,0,0,0,0,0,0,0,7,17,0,0,0,0,0,0,"Menstruating"
2533,"woman",49,49,11,1,49,1,0,1,2,0,0,0,0,0,0,0,0,0,0,0,0,0,0,0,0,0,0,0,7,38,0,0,0,0,0,0,"Menstruating"
2552,"woman",21,21,12,1,21,1,0,0,0,0,0,0,0,0,0,0,0,0,0,0,0,0,0,0,0,0,0,0,7,9,0,0,0,0,0,0,"Menstruating"
2621,"woman",20,20,14,1,20,2,0,0,0,0,0,0,0,0,0,0,0,0,0,0,0,0,0,0,0,0,0,0,6,6,0,0,0,0,0,0,"Menstruating"
2624,"woman",30,30,13,1,30,1,0,0,0,0,0,0,0,0,0,0,0,0,0,0,0,0,0,0,0,0,0,0,22,17,0,0,0,0,0,0,"Menstruating"
2626,"woman",35,35,13,1,35,0,0,1,3,0,0,0,0,0,0,0,0,0,0,0,0,0,0,0,0,0,0,0,16,22,0,0,0,0,0,0,"Menstruating"
2642,"woman",34,34,12,1,34,1,0,1,4,0,0,1,0,0,0,0,0,0,0,0,1,0,0,0,0,0,1,0,22,22,0,0,0,0,0,0,"Menstruating"
2643,"woman",30,30,13,1,30,1,0,1,4,0,0,0,0,2,0,0,0,0,0,0,1,0,0,0,0,0,0,0,22,17,0,0,0,0,0,0,"Menstruating"
2644,"woman",23,23,13,1,23,1,0,0,0,0,0,0,0,0,0,0,0,0,0,0,0,0,0,0,0,0,0,0,22,10,0,0,0,0,0,0,"Menstruating"
2655,"woman",20,20,12,1,20,0,0,0,0,0,0,0,0,0,0,0,0,0,0,0,0,0,0,0,0,0,0,0,22,8,0,0,0,0,0,0,"Menstruating"
2661,"woman",39,39,11,1,39,1,0,1,3,0,0,0,0,0,0,0,0,0,0,0,0,0,0,0,0,0,0,0,12,28,0,0,0,0,0,0,"Menstruating"
2673,"woman",30,30,15,1,30,1,0,0,0,0,0,0,0,0,0,0,0,0,0,0,0,0,0,0,0,0,0,0,7,15,0,0,0,0,0,0,"Menstruating"
2675,"woman",43,43,14,1,43,1,0,1,4,0,0,0,0,0,0,0,0,0,0,0,0,0,0,0,0,0,0,0,22,29,0,0,0,0,0,0,"Menstruating"
2677,"woman",43,43,15,1,43,1,0,1,2,0,0,0,0,0,0,0,0,0,0,0,0,0,0,0,0,0,0,0,7,28,0,0,0,0,0,0,"Menstruating"
2678,"woman",38,38,11,1,38,1,0,1,3,0,0,0,0,0,0,0,0,0,0,0,0,0,0,0,0,0,0,0,12,27,0,0,0,0,0,0,"Menstruating"
2683,"woman",24,24,11,1,24,1,0,0,0,0,0,0,0,0,0,0,0,0,0,0,0,0,0,0,0,0,0,0,22,13,0,0,0,0,0,0,"Menstruating"
2684,"woman",37,37,12,1,37,1,0,1,3,0,0,0,0,0,0,0,0,0,0,0,0,0,0,0,0,0,0,0,22,25,0,0,0,0,0,0,"Menstruating"
2687,"woman",20,20,13,1,20,1,0,0,0,0,0,0,0,0,0,0,0,0,0,0,0,0,0,0,0,0,0,0,22,7,0,0,0,0,0,0,"Menstruating"
2697,"woman",21,21,13,1,21,0,0,1,1,0,2,0,0,0,0,1,0,0,0,0,1,1,0,0,0,0,0,0,22,8,0,0,0,0,0,0,"Menstruating"
2698,"woman",41,41,14,1,41,1,0,1,1,0,0,0,0,0,0,2,0,0,0,0,0,0,0,0,0,0,0,0,12,27,0,0,0,0,0,0,"Menstruating"
2706,"woman",32,32,14,1,32,1,0,1,1,0,0,0,0,0,0,0,0,0,0,0,0,0,0,0,0,0,0,0,20,18,0,0,0,0,0,0,"Menstruating"
2728,"woman",22,22,12,1,22,1,0,0,0,0,0,0,0,0,0,0,0,0,0,0,0,0,0,0,0,0,0,1,21,10,0,0,0,0,0,0,"Menstruating"
2730,"woman",27,27,11,1,27,1,0,0,0,0,0,0,0,0,0,0,0,0,0,0,0,0,0,0,0,0,0,0,22,16,0,0,0,0,0,0,"Menstruating"
2734,"woman",21,21,9,1,21,1,0,0,0,0,0,0,0,0,0,0,0,0,0,0,0,0,0,0,0,0,0,0,17,12,0,0,0,0,0,0,"Menstruating"
2864,"woman",35,35,16,1,35,1,0,1,3,0,0,0,0,0,0,0,0,0,0,0,0,0,0,0,0,0,1,0,12,19,0,0,0,0,0,0,"Menstruating"
2866,"woman",40,40,12,1,40,1,0,0,0,0,0,0,0,0,0,0,0,0,0,0,0,0,0,0,0,0,0,0,22,28,0,0,0,0,0,0,"Menstruating"
3062,"woman",18,18,11,1,18,1,0,0,0,0,0,0,0,0,0,0,0,0,0,0,0,0,0,0,0,0,0,0,30,7,0,0,0,0,0,0,"Menstruating"
3132,"woman",22,22,13,1,22,0,0,0,0,0,0,0,0,0,0,0,0,0,0,0,0,0,0,0,0,0,1,0,28,9,0,0,0,0,0,0,"Menstruating"
3133,"woman",23,23,12,1,23,1,0,0,0,0,0,0,0,0,0,0,0,0,0,0,0,0,0,0,0,0,0,0,22,11,0,0,0,0,0,0,"Menstruating"
3187,"woman",40,40,13,1,40,1,0,0,0,0,0,0,0,0,0,0,0,0,0,0,0,0,0,0,0,0,0,0,22,27,0,0,0,0,0,0,"Menstruating"
3192,"woman",29,29,12,1,29,1,0,1,3,0,2,2,0,0,0,0,0,0,0,0,1,0,0,0,0,0,0,0,22,17,0,0,0,0,0,0,"Menstruating"
3247,"woman",29,29,15,1,29,1,0,0,0,0,0,0,0,0,0,0,0,0,0,0,0,0,0,0,0,0,0,0,22,14,0,0,0,0,0,0,"Menstruating"
3361,"woman",30,30,12,1,30,1,0,0,0,0,0,0,0,0,0,0,0,0,0,0,0,0,0,0,0,0,0,1,16,18,0,0,0,0,0,0,"Menstruating"
3363,"woman",21,21,10,1,21,1,0,0,0,0,0,0,0,0,0,0,0,0,0,0,0,0,0,0,0,0,0,1,22,11,0,0,0,0,0,0,"Menstruating"
3364,"woman",24,24,12,1,24,1,0,0,0,0,0,0,0,0,0,0,0,0,0,0,0,0,0,0,0,0,0,0,28,12,0,0,0,0,0,0,"Menstruating"
3446,"woman",22,22,12,1,22,1,0,1,1,0,0,0,0,0,0,0,0,0,0,0,0,0,0,0,0,0,0,0,22,10,0,0,0,0,0,0,"Menstruating"
3518,"woman",23,23,9,1,23,1,0,0,0,0,0,0,0,0,0,0,0,0,0,0,0,0,0,0,0,0,0,0,7,14,0,0,0,0,0,0,"Menstruating"
3531,"woman",31,31,12,1,31,1,0,0,0,0,0,0,0,0,0,0,0,0,0,0,0,0,0,0,0,0,0,0,16,19,0,0,0,0,0,0,"Menstruating"
3577,"woman",35,35,13,1,35,1,0,0,0,0,0,0,0,0,0,0,0,0,0,0,0,0,0,0,0,0,0,0,5,22,0,0,0,0,0,0,"Menstruating"
3618,"woman",18,18,13,1,18,1,0,0,0,0,0,0,0,0,0,0,0,0,0,0,0,0,0,0,0,0,0,0,22,5,0,0,0,0,0,0,"Menstruating"
3682,"woman",42,42,12,0,40,1,0,1,4,0,0,0,0,0,0,0,0,0,0,0,0,0,0,0,0,0,0,1,12,28,0,0,0,0,0,0,"Amenorrhea_natural"
3727,"woman",33,33,12,1,33,1,0,1,4,0,0,0,0,0,0,0,0,0,0,0,0,0,0,0,0,0,0,0,22,21,0,0,0,0,0,0,"Menstruating"
3781,"woman",18,18,9,1,18,1,0,0,0,0,0,0,0,0,0,0,0,0,0,0,0,0,0,0,0,0,0,0,22,9,0,0,0,0,0,0,"Menstruating"
3783,"woman",19,19,14,1,19,1,0,0,0,0,0,0,0,0,0,0,0,0,0,0,0,0,0,0,0,0,0,0,22,5,0,0,0,0,0,0,"Menstruating"
3850,"woman",23,23,12,1,23,1,0,0,0,0,0,0,0,0,0,0,0,0,0,0,0,0,0,0,0,0,0,0,22,11,0,0,0,0,0,0,"Menstruating"
4886,"woman",34,34,12,1,34,1,0,0,0,0,0,0,0,0,0,0,0,0,0,0,0,0,0,0,0,0,0,0,21,22,0,0,0,0,0,0,"Menstruating"
4891,"woman",30,30,12,1,30,1,0,1,1,0,1,0,0,0,0,1,0,0,0,0,1,1,0,0,0,0,0,0,17,18,0,0,0,0,0,0,"Menstruating"
4896,"woman",20,20,12,1,20,1,0,0,0,0,0,0,0,0,0,0,0,0,0,0,0,0,0,0,0,0,0,0,13,8,0,0,0,0,0,0,"Menstruating"
4930,"woman",22,22,13,1,22,1,0,0,0,0,0,0,0,0,0,0,0,0,0,0,0,0,0,0,0,0,0,0,13,9,0,0,0,0,0,0,"Menstruating"
4936,"woman",52,52,13,0,40,1,0,1,2,0,0,0,0,0,0,0,0,0,0,0,0,0,0,0,1,0,0,0,7,27,0,0,0,0,0,0,"Amenorrhea_surgical"
4939,"woman",49,49,13,0,40,1,0,1,2,0,0,0,0,0,0,0,0,0,0,0,0,0,0,0,1,1,0,0,13,27,0,0,0,0,0,0,"Amenorrhea_surgical"
4943,"woman",24,24,12,1,24,1,0,0,0,0,0,0,0,0,0,0,0,0,0,0,0,0,0,0,0,0,0,0,13,12,0,0,0,0,0,0,"Menstruating"
4976,"woman",19,19,11,1,19,0,0,0,0,0,0,0,0,0,0,0,0,0,0,0,0,0,0,0,0,0,1,0,13,8,0,0,0,0,0,0,"Menstruating"
4996,"woman",18,18,12,1,18,0,0,0,0,0,0,0,0,0,0,0,0,0,0,0,0,0,0,0,0,1,1,0,13,6,0,0,0,0,0,0,"Menstruating"
5000,"woman",18,18,11,1,18,1,0,0,0,0,0,0,0,0,0,0,0,0,0,0,0,0,0,0,0,0,0,0,13,7,0,0,0,0,0,0,"Menstruating"
5005,"woman",18,18,12,1,18,0,0,0,0,0,0,0,0,0,0,0,0,0,0,0,0,0,0,0,0,0,0,0,13,6,0,0,0,0,0,0,"Menstruating"
5012,"woman",35,35,12,1,35,0,0,1,2,0,0,0,0,0,0,0,0,0,0,0,0,0,0,0,0,0,0,0,13,23,0,0,0,0,0,0,"Menstruating"
5027,"woman",18,18,12,1,18,1,0,0,0,0,0,0,0,0,0,0,0,0,0,0,0,0,0,0,0,0,0,0,13,6,0,0,0,0,0,0,"Menstruating"
5028,"woman",32,32,10,1,32,1,0,0,0,0,0,0,0,0,0,0,0,0,0,0,0,0,0,0,0,0,0,0,13,22,0,0,0,0,0,0,"Menstruating"
5040,"woman",31,31,14,1,31,1,0,1,1,0,0,0,0,0,0,0,0,0,0,0,0,0,0,0,0,0,0,0,13,17,0,0,0,0,0,0,"Menstruating"
5044,"woman",29,29,12,1,29,0,0,0,0,0,0,0,0,0,0,0,0,0,0,0,0,0,0,0,0,0,0,0,13,17,0,0,0,0,0,0,"Menstruating"
5055,"woman",26,26,11,1,26,0,0,0,0,0,0,0,0,0,0,0,0,0,0,0,0,0,0,0,0,0,1,0,13,15,0,0,0,0,0,0,"Menstruating"
5057,"woman",23,23,12,1,23,1,0,0,0,0,0,0,0,0,0,0,0,0,0,0,0,0,0,0,0,0,0,0,13,11,0,0,0,0,0,0,"Menstruating"
5112,"woman",31,31,14,1,31,0,0,0,0,0,0,0,0,0,0,0,0,0,0,0,0,0,0,1,0,0,0,0,13,17,0,0,0,0,0,0,"Menstruating"
5119,"woman",23,23,12,1,23,1,0,0,0,0,0,0,0,0,0,0,0,0,0,0,0,0,0,0,0,0,0,0,13,11,0,0,0,0,0,0,"Menstruating"
5120,"woman",23,23,15,1,23,0,2,0,0,0,0,0,0,0,0,0,0,0,0,0,0,0,0,0,0,0,0,0,13,8,0,0,0,0,0,0,"Menstruating"
5126,"woman",24,24,13,1,24,2,0,0,0,0,0,0,0,0,0,0,0,0,0,0,0,0,0,0,0,0,0,0,13,11,0,0,0,0,0,0,"Menstruating"
5129,"woman",33,33,10,1,33,1,0,0,0,0,0,0,0,0,0,0,0,0,0,0,0,0,0,0,0,0,0,0,13,23,0,0,0,0,0,0,"Menstruating"
5184,"woman",42,42,15,1,42,1,0,1,2,0,0,0,0,0,0,0,0,0,0,0,0,1,0,0,0,0,1,0,13,27,0,0,0,0,0,0,"Menstruating"
5252,"woman",20,20,12,1,20,0,0,0,0,0,0,0,0,0,0,0,0,0,0,0,0,0,0,0,0,0,0,0,13,8,0,0,0,0,0,0,"Menstruating"
5255,"woman",19,19,12,1,19,2,0,0,0,0,0,0,0,0,0,0,0,0,0,0,0,0,0,0,0,0,0,0,7,7,0,0,0,0,0,0,"Menstruating"
5261,"woman",20,20,12,1,20,1,0,0,0,0,0,0,0,0,0,0,0,0,0,0,0,0,0,0,0,0,0,0,13,8,0,0,0,0,0,0,"Menstruating"
5351,"woman",33,33,12,1,33,1,0,0,0,0,0,0,0,0,0,0,0,0,0,0,0,0,0,0,0,0,0,1,17,21,0,0,0,0,0,0,"Menstruating"
2818,"woman",41,41,12,0,37,0,0,0,0,0,0,0,0,0,0,0,0,0,0,0,0,0,0,0,1,0,1,0,NA,25,0,0,0,0,0,0,"Early_Amenorrhea_surgical"
2873,"woman",39,39,12,1,38,1,0,1,3,0,1,0,1,0,0,0,0,0,0,0,0,0,0,0,0,0,0,0,NA,26,0,0,0,0,0,0,"Menstruating"
2876,"woman",35,35,12,1,35,0,0,0,0,0,0,0,0,0,0,0,0,0,0,0,0,0,0,0,0,0,1,1,NA,23,0,0,0,0,0,0,"Menstruating"
