"calculated_age","lupus","dx_time","time_symptoms","Antimalarials","Corticosteroids","comorbidities","nephritis","sledai_total","slicc_total","pregnant","pregnancies","Menarca","cycle_regularity","histerectomy","ooforectomy","pregnancies_number","sop___1","contraceptives","amenh","last_period_age","menst_status","rep_life","preeclampsie","preeclampsie_2","preeclampsie_3","preeclampsie_4","preeclampsie_5","enf_hipertensiva_embarazo___1","diabetes_gestacional___1","aborto___1","ectopico___1","criterios_exclusion_4","autoimmunities","autoimmune_diseases___0","autoimmune_diseases___1","autoimmune_diseases___2","autoimmune_diseases___3","autoimmune_diseases___7","autoimmune_diseases___10","metabolica_yn","diabetes___1","reumatologica_yn","artritis_reumatoide___1","lupus_370998___1","esclerodermia___1","espondilitis_anquilosante___1","complications","age_at_survey","age_dx","disease_duration","sledai","slicc","qc_age_last_period","qc_menarca_equal_last","qc_rep_life_neg","qc_amenh_conflict","qc_any","menstrual_status"
29,1,5,"3 years",1,1,"Thyroid disease","Yes",36,3,0,1,12,"No",0,0,1,0,0,"Menstruating",29,"Menstruating",17,0,0,0,0,0,0,0,0,0,2,0,0,0,0,0,0,0,1,0,1,0,1,0,0,0,29,24,5,36,3,0,0,0,0,0,"Menstruating"
46,1,5,"> 10 years",0,1,"Thyroid disease","No",63,4,0,1,10,"No",1,1,3,1,0,"Early-Amenhorrea",25,"Amenhorrea",15,0,0,0,0,0,0,0,1,0,NA,0,0,0,0,0,0,0,1,0,1,1,1,0,0,0,46,41,5,63,4,0,0,0,0,0,"Early_Amenorrhea_surgical"
38,1,17,NA,0,1,"None","Yes",21,0,0,0,12,"No",0,0,NA,0,1,"Early-Amenhorrea",36,"Amenhorrea",24,0,0,0,0,0,0,0,0,0,2,0,0,0,0,0,0,0,2,0,1,0,1,0,0,0,38,21,17,21,0,0,0,0,0,0,"Early_Amenorrhea"
38,1,NA,NA,0,1,"Rheumatoid arthritis","No",38,1,0,1,11,"No",0,0,2,0,0,"Menstruating",38,"Menstruating",27,0,1,0,0,0,1,0,0,0,2,1,1,0,0,0,0,0,1,0,1,1,1,0,0,1,38,NA,NA,38,1,0,0,0,0,0,"Menstruating"
29,1,15,NA,0,1,"Rheumatoid arthritis","No",38,4,0,0,9,"No",0,0,NA,1,0,"Menstruating",29,"Menstruating",20,0,0,0,0,0,0,0,0,0,2,1,1,0,0,0,1,0,1,0,1,1,1,0,0,0,29,14,15,38,4,0,0,0,0,0,"Menstruating"
56,1,17,"4 years",0,1,"Hypertension","No",42,7,0,0,11,"Yes",0,0,NA,0,0,"Amenhorrea",45,"Amenhorrea",34,0,0,0,0,0,1,0,0,0,2,0,0,0,0,0,0,0,1,0,1,1,1,0,0,0,56,39,17,42,7,0,0,0,0,0,"Amenorrhea_natural"
51,1,13.42,"< 6 months",0,1,"None","No",4,0,0,0,13,"Yes",0,0,NA,0,0,"Amenhorrea",49,"Amenhorrea",36,0,0,0,0,0,1,0,0,0,2,0,0,0,0,0,0,0,1,0,1,0,1,0,0,0,51,37.58,13.42,4,0,0,0,0,0,0,"Amenorrhea_natural"
41,1,11,"6 months–1 year",0,1,"Thyroid disease","No",32,1,0,1,11,"Yes",0,0,3,0,0,"Menstruating",41,"Menstruating",30,0,0,0,0,0,0,0,1,0,2,1,1,0,0,0,0,0,1,0,1,1,1,0,0,0,41,30,11,32,1,0,0,0,0,0,"Menstruating"
47,1,29,"4 years",0,1,"Rheumatoid arthritis","No",26,2,0,1,13,"Yes",0,0,1,0,0,"Early-Amenhorrea",33,"Amenhorrea",20,0,0,0,0,0,0,0,0,0,2,1,1,0,0,0,0,0,1,0,1,1,1,0,0,0,47,18,29,26,2,0,0,0,0,0,"Early_Amenorrhea"
23,1,1,"< 6 months",1,0,"Other","Yes",13,2,0,0,11,"Yes",0,0,NA,0,0,"Menstruating",23,"Menstruating",12,0,0,0,0,0,0,0,0,0,2,0,0,0,0,0,0,0,2,0,1,0,1,0,0,0,23,22,1,13,2,0,0,0,0,0,"Menstruating"
63,1,12,"< 6 months",0,1,"Osteoporosis","Yes",26,2,0,0,11,"Yes",0,0,NA,0,0,"Amenhorrea",48,"Amenhorrea",37,0,0,0,0,0,0,0,0,0,2,0,0,0,0,0,0,0,1,0,1,0,1,0,0,0,63,51,12,26,2,0,0,0,0,0,"Amenorrhea_natural"
29,1,10,"3 years",1,0,"Thyroid disease","Yes",14,2,0,0,13,"Yes",0,0,NA,0,0,"Menstruating",29,"Menstruating",16,0,0,0,0,0,0,0,0,0,2,0,0,0,0,0,0,0,1,0,1,1,1,0,0,0,29,19,10,14,2,0,0,0,0,0,"Menstruating"
48,1,28,"3 years",0,0,"Rheumatoid arthritis","No",4,0,0,0,11,"No",0,0,NA,0,0,"Early-Amenhorrea",26,"Amenhorrea",15,0,0,0,0,0,0,0,0,0,2,0,0,0,0,0,0,0,1,0,1,1,1,0,0,0,48,20,28,4,0,0,0,0,0,0,"Early_Amenorrhea"
65,1,25,"< 6 months",1,1,"None","No",0,1,0,1,13,"Yes",0,0,3,0,0,"Early-Amenhorrea",39,"Amenhorrea",26,0,0,0,0,0,0,0,1,0,2,0,0,0,0,0,0,0,2,0,1,0,1,0,0,0,65,40,25,0,1,0,0,0,0,0,"Early_Amenorrhea"
47,1,5,"2 years",0,1,"None","No",6,1,0,0,12,"Yes",0,0,NA,0,1,"Menstruating",47,"Menstruating",35,0,0,0,0,0,0,0,0,0,2,0,0,0,0,0,0,0,1,0,1,0,1,0,0,0,47,42,5,6,1,0,0,0,0,0,"Menstruating"
35,1,6,"< 6 months",1,1,"None","No",32,0,0,0,12,"No",0,0,NA,0,0,"Menstruating",35,"Menstruating",23,0,0,0,0,0,0,0,0,0,2,0,0,0,0,0,0,0,2,0,1,0,1,0,0,0,35,29,6,32,0,0,0,0,0,0,"Menstruating"
41,1,5,"< 6 months",1,0,"Diabetes mellitus","No",12,3,0,0,12,"Yes",0,0,NA,0,0,"Early-Amenhorrea",35,"Amenhorrea",23,0,0,0,0,0,1,0,0,0,2,0,0,0,0,0,0,0,1,1,1,0,1,0,0,0,41,36,5,12,3,0,0,0,0,0,"Early_Amenorrhea"
27,1,1,"2 years",1,0,"Other","No",12,1,0,1,12,"No",0,0,1,0,0,"Menstruating",27,"Menstruating",15,0,0,0,0,0,0,0,1,0,NA,0,0,0,0,0,0,0,1,0,1,0,1,0,0,0,27,26,1,12,1,0,0,0,0,0,"Menstruating"
43,1,1,"> 10 years",1,1,"None","No",57,0,0,1,12,"Yes",0,0,1,0,0,"Menstruating",43,"Menstruating",31,0,0,0,0,0,0,0,0,0,2,1,0,0,0,1,0,0,2,0,1,0,1,0,0,0,43,42,1,57,0,0,0,0,0,0,"Menstruating"
41,1,7,"1 year",1,0,"None","No",3,1,0,1,12,"Yes",0,0,3,0,0,"Menstruating",41,"Menstruating",29,0,0,0,0,0,0,0,0,0,2,0,0,0,0,0,0,0,2,0,1,0,1,0,0,0,41,34,7,3,1,0,0,0,0,0,"Menstruating"
45,1,1,"< 6 months",1,1,"None","No",0,0,0,1,10,"Yes",0,0,1,0,0,"Menstruating",45,"Menstruating",35,1,0,0,0,0,0,0,0,0,2,0,0,0,0,0,0,0,1,0,1,0,1,0,0,1,45,44,1,0,0,0,0,0,0,0,"Menstruating"
62,1,1,"< 6 months",1,1,"Thyroid disease","Yes",4,1,0,1,14,"Yes",0,1,3,0,0,"Amenhorrea",55,"Amenhorrea",41,0,0,0,0,0,0,0,1,0,2,0,0,0,0,0,0,0,1,0,1,0,1,0,0,0,62,61,1,4,1,0,0,0,0,0,"Amenorrhea_surgical"
51,1,4,"< 6 months",1,0,"Hypertension","No",5,1,0,1,13,"Yes",1,0,3,0,0,"Amenhorrea",49,"Amenhorrea",36,0,0,0,0,0,0,0,0,0,2,0,0,0,0,0,0,0,2,0,1,0,1,0,0,0,51,47,4,5,1,0,0,0,0,0,"Amenorrhea_surgical"
60,1,3,"1 year",1,1,"Multiple sclerosis","No",75,12,0,1,12,"Yes",0,0,2,1,0,"Amenhorrea",57,"Amenhorrea",45,0,0,0,0,0,0,0,1,0,2,1,1,1,0,0,0,0,99,0,1,1,1,1,0,0,60,57,3,75,12,0,0,0,0,0,"Amenorrhea_natural"
46,1,26,"> 5 years",1,1,"Rheumatoid arthritis","No",12,1,0,1,12,"Yes",0,0,2,0,0,"Amenhorrea",45,"Amenhorrea",33,0,0,0,0,0,0,0,1,1,2,0,0,0,0,0,0,0,1,0,1,1,1,0,0,0,46,20,26,12,1,0,0,0,0,0,"Amenorrhea_natural"
34,1,1,"> 5 years",1,1,"Thyroid disease","No",22,2,0,0,14,"Yes",0,0,NA,0,0,"Early-Amenhorrea",32,"Amenhorrea",18,0,0,0,0,0,0,0,0,0,2,1,0,0,0,0,0,0,1,0,1,0,1,1,0,0,34,33,1,22,2,0,0,0,0,0,"Early_Amenorrhea"
26,1,1,"< 6 months",0,1,"None","No",30,5,0,0,11,"Yes",0,0,NA,0,0,"Menstruating",26,"Menstruating",15,0,0,0,0,0,0,0,0,0,NA,0,0,0,0,0,0,0,2,0,1,0,1,0,0,0,26,25,1,30,5,0,0,0,0,0,"Menstruating"
49,1,14,"> 10 years",1,0,"Other","No",8,0,0,1,15,"Yes",0,0,1,0,0,"Amenhorrea",48,"Amenhorrea",33,0,0,0,0,0,0,0,0,0,2,1,0,0,0,0,1,0,1,0,1,1,1,0,0,0,49,35,14,8,0,0,0,0,0,0,"Amenorrhea_natural"
23,1,5,"> 5 years",1,1,"None","No",15,0,0,0,12,"No",0,0,NA,0,0,"Menstruating",23,"Menstruating",11,0,0,0,0,0,0,0,0,0,2,0,0,0,0,0,0,0,1,0,1,0,1,0,0,0,23,18,5,15,0,0,0,0,0,0,"Menstruating"
47,1,5,"4 years",1,1,"Hypertension","No",32,9,0,1,15,"Yes",0,0,1,0,0,"Menstruating",47,"Menstruating",32,0,0,0,0,0,0,0,0,0,2,1,0,0,1,0,0,0,1,1,1,0,1,0,0,0,47,42,5,32,9,0,0,0,0,0,"Menstruating"
49,1,34,"< 6 months",1,0,"Osteoporosis","Yes",70,7,0,0,13,"No",0,0,NA,1,0,"Amenhorrea",48,"Amenhorrea",35,0,0,0,0,0,0,0,0,0,NA,1,1,0,0,0,0,0,1,0,1,1,1,0,0,0,49,15,34,70,7,0,0,0,0,0,"Amenorrhea_natural"
20,1,1,"1 year",1,1,"None","No",21,4,0,0,14,"Yes",0,0,NA,0,0,"Menstruating",20,"Menstruating",6,0,0,0,0,0,0,0,0,0,2,0,0,0,0,0,0,0,1,0,1,1,1,0,0,0,20,19,1,21,4,0,0,0,0,0,"Menstruating"
38,1,19,"4 years",1,0,"Hypertension","No",6,1,0,0,11,"Yes",0,0,NA,0,0,"Menstruating",38,"Menstruating",27,0,0,0,0,0,0,0,0,0,2,0,0,0,0,0,0,0,1,0,1,1,1,0,0,0,38,19,19,6,1,0,0,0,0,0,"Menstruating"
41,1,2,"< 6 months",1,1,"Thyroid disease","No",14,0,0,1,11,"Yes",1,1,3,0,0,"Early-Amenhorrea",39,"Amenhorrea",28,0,0,0,0,0,0,0,0,0,2,0,0,0,0,0,0,0,1,0,1,0,1,0,0,0,41,39,2,14,0,0,0,0,0,0,"Early_Amenorrhea_surgical"
62,1,3,"> 5 years",0,1,"None","No",16,0,0,0,12,"Yes",1,1,NA,1,0,"Amenhorrea",50,"Amenhorrea",38,0,0,0,0,0,0,0,0,0,2,1,0,0,0,0,0,0,1,0,1,0,1,0,0,0,62,59,3,16,0,0,0,0,0,0,"Amenorrhea_surgical"
31,1,11,"< 6 months",1,1,"Hypertension","Yes",19,0,0,0,12,"Yes",0,0,NA,0,0,"Menstruating",31,"Menstruating",19,0,0,0,0,0,0,0,0,0,2,0,0,0,0,0,0,0,1,0,1,0,1,0,0,0,31,20,11,19,0,0,0,0,0,0,"Menstruating"
58,1,13,"> 10 years",0,1,"Hypertension","Yes",12,3,0,0,14,"Yes",0,0,NA,0,0,"Amenhorrea",45,"Amenhorrea",31,0,0,0,0,0,0,0,0,0,2,0,0,0,0,0,0,0,1,0,1,0,1,0,0,0,58,45,13,12,3,0,0,0,0,0,"Amenorrhea_natural"
21,1,3,"< 6 months",1,1,"None","No",0,1,0,0,15,"Yes",0,0,NA,0,0,"Menstruating",21,"Menstruating",6,0,0,0,0,0,0,0,0,0,2,0,0,0,0,0,0,0,1,0,1,0,1,0,0,0,21,18,3,0,1,0,0,0,0,0,"Menstruating"
52,1,1,"> 10 years",1,1,"Other","No",28,3,0,1,13,"Yes",0,0,3,0,0,"Amenhorrea",50,"Amenhorrea",37,0,0,0,0,0,0,0,0,0,2,1,0,0,0,0,1,1,1,0,1,0,1,0,0,0,52,51,1,28,3,0,0,0,0,0,"Amenorrhea_natural"
66,1,8,"> 5 years",0,1,"Hypertension","No",18,3,0,1,12,"No",0,0,3,0,0,"Amenhorrea",50,"Amenhorrea",38,0,0,0,0,0,0,0,0,0,2,0,0,0,0,0,0,0,2,0,1,0,1,0,0,0,66,58,8,18,3,0,0,0,0,0,"Amenorrhea_natural"
31,1,1,"4 years",1,1,"None","No",15,1,0,0,12,"No",0,0,NA,0,0,"Menstruating",31,"Menstruating",19,0,0,0,0,0,0,0,0,0,2,1,0,0,0,0,1,0,1,0,1,0,1,0,0,0,31,30,1,15,1,0,0,0,0,0,"Menstruating"
21,1,12,"> 10 years",0,0,"None","Yes",16,3,0,0,13,"Yes",0,0,NA,0,0,"Menstruating",21,"Menstruating",8,0,0,0,0,0,0,0,0,0,2,0,0,0,0,0,0,0,2,0,1,1,1,0,0,0,21,9,12,16,3,0,0,0,0,0,"Menstruating"
57,1,5,"2 years",1,0,"None","No",2,0,0,1,10,"Yes",1,0,2,0,0,"Amenhorrea",46,"Amenhorrea",36,0,0,0,0,0,0,0,0,0,2,0,0,0,0,0,0,0,2,0,1,0,1,0,0,0,57,52,5,2,0,0,0,0,0,0,"Amenorrhea_surgical"
33,1,19,"6 months–1 year",0,0,"None","Yes",22,0,0,0,12,"Yes",0,0,NA,0,0,"Menstruating",33,"Menstruating",21,0,0,0,0,0,0,0,0,0,NA,0,0,0,0,0,0,0,1,0,1,0,1,0,0,0,33,14,19,22,0,0,0,0,0,0,"Menstruating"
58,1,1,"< 6 months",1,0,"None","No",14,1,0,0,11,"No",1,1,NA,0,0,"Early-Amenhorrea",37,"Amenhorrea",26,0,0,0,0,0,0,0,0,0,2,0,0,0,0,0,0,0,2,0,1,0,1,0,0,0,58,57,1,14,1,0,0,0,0,0,"Early_Amenorrhea_surgical"
28,1,4,"2 years",1,1,"None","Yes",18,0,0,1,16,"Yes",0,0,1,0,0,"Menstruating",28,"Menstruating",12,0,0,0,0,0,0,0,0,0,NA,0,0,0,0,0,0,0,2,0,2,0,0,0,0,0,28,24,4,18,0,0,0,0,0,0,"Menstruating"
50,1,1,"> 10 years",0,0,"Other","No",37,8,0,0,10,"No",1,1,NA,0,0,"Amenhorrea",46,"Amenhorrea",36,0,0,0,0,0,1,0,1,0,2,0,0,0,0,0,0,0,1,1,1,0,1,0,0,0,50,49,1,37,8,0,0,0,0,0,"Amenorrhea_surgical"
20,1,6,"> 5 years",1,0,"None","Yes",2,0,0,0,12,"No",0,0,NA,0,0,"Menstruating",20,"Menstruating",8,0,0,0,0,0,0,0,0,0,2,0,0,0,0,0,0,0,2,0,1,0,1,0,0,0,20,14,6,2,0,0,0,0,0,0,"Menstruating"
52,1,25,"> 5 years",1,1,"Other","No",59,7,0,1,12,"No",0,0,2,1,0,"Amenhorrea",51,"Amenhorrea",39,0,0,0,0,0,0,0,0,0,2,1,0,0,0,0,1,0,1,0,1,1,1,0,0,0,52,27,25,59,7,0,0,0,0,0,"Amenorrhea_natural"
27,1,1,"6 months–1 year",1,0,"None","No",20,0,0,0,12,"Yes",0,0,NA,0,1,"Menstruating",27,"Menstruating",15,0,0,0,0,0,0,0,0,0,2,0,0,0,0,0,0,0,2,0,1,0,1,0,0,0,27,26,1,20,0,0,0,0,0,0,"Menstruating"
25,1,1,"> 5 years",1,1,"None","Yes",26,4,0,0,10,"Yes",0,0,NA,0,0,"Menstruating",25,"Menstruating",15,0,0,0,0,0,0,0,0,0,2,0,0,0,0,0,0,0,1,0,1,0,1,0,0,0,25,24,1,26,4,0,0,0,0,0,"Menstruating"
44,1,5,"> 10 years",1,1,"Other","No",48,3,0,0,11,"No",0,0,NA,0,0,"Menstruating",44,"Menstruating",33,0,0,0,0,0,0,0,0,0,2,1,0,0,0,0,1,0,1,0,1,0,1,0,0,0,44,39,5,48,3,0,0,0,0,0,"Menstruating"
29,1,6,"< 6 months",0,1,"None","Yes",8,2,0,0,13,"Yes",0,0,NA,0,0,"Menstruating",29,"Menstruating",16,0,0,0,0,0,0,0,0,0,2,0,0,0,0,0,0,0,2,0,1,0,1,0,0,0,29,23,6,8,2,0,0,0,0,0,"Menstruating"
20,1,5,"< 6 months",1,1,"Hypertension","Yes",25,2,0,0,13,"No",0,0,NA,0,0,"Early-Amenhorrea",19,"Amenhorrea",6,0,0,0,0,0,0,0,0,0,NA,0,0,0,0,0,0,0,2,0,1,0,1,0,0,0,20,15,5,25,2,0,0,0,0,0,"Early_Amenorrhea"
41,1,6,"> 5 years",1,1,"Diabetes mellitus","No",12,3,0,1,11,"Yes",0,0,1,0,0,"Menstruating",41,"Menstruating",30,1,0,0,0,0,1,0,0,0,2,0,0,0,0,0,0,0,1,1,1,0,1,0,0,1,41,35,6,12,3,0,0,0,0,0,"Menstruating"
41,1,15,"1 year",1,0,"None","Yes",41,4,0,0,13,"Yes",0,0,NA,0,0,"Menstruating",41,"Menstruating",28,0,0,0,0,0,0,0,0,0,2,0,0,0,0,0,0,0,2,0,1,1,1,0,0,0,41,26,15,41,4,0,0,0,0,0,"Menstruating"
30,1,13,"1 year",1,1,"Other","No",2,0,0,0,10,"No",0,0,NA,0,0,"Menstruating",30,"Menstruating",20,0,0,0,0,0,0,0,0,0,2,0,0,0,0,0,0,0,2,0,1,0,1,0,0,0,30,17,13,2,0,0,0,0,0,0,"Menstruating"
23,1,2,"1 year",1,0,"Other","No",8,0,0,0,13,"No",0,0,NA,0,0,"Menstruating",23,"Menstruating",10,0,0,0,0,0,0,0,0,0,2,0,0,0,0,0,0,0,1,0,1,0,1,0,0,0,23,21,2,8,0,0,0,0,0,0,"Menstruating"
25,1,1,"6 months–1 year",1,1,"None","No",17,1,0,0,12,"Yes",0,0,NA,1,1,"Menstruating",25,"Menstruating",13,0,0,0,0,0,0,0,1,0,2,0,0,0,0,0,0,0,1,0,1,0,1,0,0,0,25,24,1,17,1,0,0,0,0,0,"Menstruating"
49,1,1,"< 6 months",0,1,"Other","No",12,1,0,0,12,"Yes",0,0,NA,0,0,"Early-Amenhorrea",19,"Amenhorrea",7,0,0,0,0,0,0,0,0,0,2,1,1,0,0,0,0,0,2,0,1,1,1,0,0,0,49,48,1,12,1,0,0,0,0,0,"Early_Amenorrhea"
51,1,2,"< 6 months",1,1,"Thyroid disease","Yes",13,4,0,0,12,"Yes",0,0,NA,0,0,"Amenhorrea",45,"Amenhorrea",33,0,0,0,0,0,0,0,0,0,NA,0,0,0,0,0,0,0,1,0,1,0,1,0,0,0,51,49,2,13,4,0,0,0,0,0,"Amenorrhea_natural"
49,1,1,"> 10 years",1,1,"Hypertension","No",18,1,0,0,15,"Yes",0,0,NA,0,0,"Menstruating",49,"Menstruating",34,0,0,0,0,0,1,0,0,0,2,0,0,0,0,0,0,0,1,0,1,0,1,0,0,0,49,48,1,18,1,0,0,0,0,0,"Menstruating"
32,1,10,"6 months–1 year",1,1,"None","No",24,3,0,0,13,"Yes",0,0,NA,0,0,"Menstruating",32,"Menstruating",19,0,0,0,0,0,0,0,0,0,2,0,0,0,0,0,0,0,2,0,1,0,1,0,0,0,32,22,10,24,3,0,0,0,0,0,"Menstruating"
38,1,3,"< 6 months",1,1,"Other","No",14,3,0,1,12,"Yes",0,0,1,0,0,"Menstruating",38,"Menstruating",26,0,0,0,0,0,0,0,0,0,2,1,0,0,0,0,1,0,2,0,1,1,1,0,0,0,38,35,3,14,3,0,0,0,0,0,"Menstruating"
42,1,12,"3 years",1,1,"Hypertension","No",53,9,0,1,12,"No",1,1,2,1,0,"Early-Amenhorrea",35,"Amenhorrea",23,0,0,0,0,0,0,0,0,0,2,1,1,0,0,0,0,0,1,0,1,1,1,0,0,0,42,30,12,53,9,0,0,0,0,0,"Early_Amenorrhea_surgical"
44,1,5,"2 years",1,1,"None","No",2,1,0,1,12,"No",0,0,3,0,0,"Menstruating",44,"Menstruating",32,0,0,0,0,0,0,0,1,0,2,0,0,0,0,0,0,0,2,0,1,0,1,0,0,0,44,39,5,2,1,0,0,0,0,0,"Menstruating"
36,1,1,"< 6 months",1,1,"None","No",29,4,0,1,13,"No",0,0,2,0,0,"Menstruating",36,"Menstruating",23,0,0,0,0,0,0,0,0,0,2,0,0,0,0,0,0,0,2,0,1,0,1,0,0,0,36,35,1,29,4,0,0,0,0,0,"Menstruating"
49,1,1,"< 6 months",1,0,"None","No",29,5,0,1,13,"No",1,1,2,0,0,"Amenhorrea",47,"Amenhorrea",34,0,0,0,0,0,0,0,0,0,2,1,0,0,0,0,0,0,1,0,1,0,1,0,0,0,49,48,1,29,5,0,0,0,0,0,"Amenorrhea_surgical"
65,1,7,"> 5 years",1,0,"Hypertension","No",0,5,0,1,15,"Yes",0,0,3,0,0,"Amenhorrea",55,"Amenhorrea",40,0,0,0,0,0,0,0,1,0,2,0,0,0,0,0,0,0,1,0,1,1,1,0,0,0,65,58,7,0,5,0,0,0,0,0,"Amenorrhea_natural"
31,1,1,"> 5 years",1,1,"Rheumatoid arthritis","No",27,1,0,0,11,"No",1,0,NA,1,0,"Early-Amenhorrea",30,"Amenhorrea",19,0,0,0,0,0,0,0,1,0,2,1,1,0,0,0,1,0,1,0,1,1,1,0,0,0,31,30,1,27,1,0,0,0,0,0,"Early_Amenorrhea_surgical"
39,1,15,"2 years",1,0,"Thyroid disease","No",20,1,0,0,14,"Yes",0,0,NA,0,1,"Menstruating",39,"Menstruating",25,0,0,0,0,0,0,0,0,0,2,1,0,0,0,0,1,0,1,0,1,0,1,0,0,0,39,24,15,20,1,0,0,0,0,0,"Menstruating"
31,1,5,"< 6 months",1,1,"Other","Yes",16,1,0,1,12,"Yes",0,0,2,0,0,"Menstruating",31,"Menstruating",19,1,0,0,0,0,1,0,1,0,2,0,0,0,0,0,0,0,1,0,1,0,1,0,0,1,31,26,5,16,1,0,0,0,0,0,"Menstruating"
30,1,6,"1 year",1,1,"None","No",0,1,0,1,12,"No",0,0,1,0,0,"Menstruating",30,"Menstruating",18,0,0,0,0,0,0,0,0,0,2,0,0,0,0,0,0,0,2,0,1,0,1,0,0,0,30,24,6,0,1,0,0,0,0,0,"Menstruating"
36,1,1,"1 year",1,1,"Thyroid disease","No",22,7,0,0,15,"No",0,0,NA,0,0,"Menstruating",36,"Menstruating",21,0,0,0,0,0,0,0,0,0,2,0,0,0,0,0,0,0,1,0,1,0,1,0,0,0,36,35,1,22,7,0,0,0,0,0,"Menstruating"
19,1,4,"> 5 years",1,1,"None","No",40,4,0,0,12,"Unknown",0,0,NA,0,0,"Menstruating",19,"Menstruating",7,0,0,0,0,0,0,0,0,0,2,0,0,0,0,0,0,0,2,0,1,0,1,0,0,0,19,15,4,40,4,0,0,0,0,0,"Menstruating"
37,1,2,"< 6 months",1,1,"None","No",10,2,0,0,10,"Yes",0,0,NA,1,0,"Menstruating",37,"Menstruating",27,0,0,0,0,0,0,0,0,0,2,0,0,0,0,0,0,0,1,0,1,0,1,0,0,0,37,35,2,10,2,0,0,0,0,0,"Menstruating"
25,1,6,"< 6 months",1,1,"Hypertension","Yes",25,6,0,0,12,"No",0,0,NA,0,0,"Menstruating",25,"Menstruating",13,0,0,0,0,0,0,0,0,0,2,0,0,0,0,0,0,0,1,0,1,0,1,0,0,0,25,19,6,25,6,0,0,0,0,0,"Menstruating"
22,1,2,"6 months–1 year",1,1,"Hypertension","No",29,9,0,1,11,"No",0,0,1,0,0,"Menstruating",22,"Menstruating",11,0,0,0,0,0,0,0,1,0,2,0,0,0,0,0,0,0,1,0,1,0,1,0,0,0,22,20,2,29,9,0,0,0,0,0,"Menstruating"
30,1,2,"3 years",0,1,"Other","No",26,2,0,1,11,"No",0,0,1,0,0,"Menstruating",30,"Menstruating",19,0,0,0,0,0,0,1,0,0,2,0,0,0,0,0,0,0,1,0,1,0,1,0,0,0,30,28,2,26,2,0,0,0,0,0,"Menstruating"
31,1,1,"2 years",0,1,"Other","No",22,3,0,0,9,"Yes",0,0,NA,0,0,"Menstruating",31,"Menstruating",22,0,0,0,0,0,0,0,0,0,2,0,0,0,0,0,0,0,2,0,1,0,1,0,0,0,31,30,1,22,3,0,0,0,0,0,"Menstruating"
26,1,4,"1 year",1,1,"Other","No",19,4,0,0,14,"Yes",0,0,NA,0,0,"Menstruating",26,"Menstruating",12,0,0,0,0,0,0,0,0,0,2,0,0,0,0,0,0,0,1,0,1,0,1,0,0,0,26,22,4,19,4,0,0,0,0,0,"Menstruating"
35,1,11,"< 6 months",1,1,"Hypertension","No",24,0,0,1,12,"No",1,0,1,0,0,"Menstruating",35,"Menstruating",23,0,0,0,0,0,0,0,0,0,2,0,0,0,0,0,0,0,1,0,1,0,1,0,0,0,35,24,11,24,0,0,0,0,0,0,"Menstruating"
34,1,1,"2 years",1,1,"Hypertension","No",32,3,0,0,15,"Yes",0,0,NA,0,0,"Menstruating",34,"Menstruating",19,0,0,0,0,0,0,0,0,0,2,0,0,0,0,0,0,0,1,0,1,0,1,0,0,0,34,33,1,32,3,0,0,0,0,0,"Menstruating"
44,1,2,"6 months–1 year",1,1,"Other","Yes",0,6,0,0,13,"Yes",0,0,NA,0,0,"Menstruating",44,"Menstruating",31,0,0,0,0,0,0,0,0,0,2,1,1,0,0,0,1,0,2,0,1,1,1,0,0,0,44,42,2,0,6,0,0,0,0,0,"Menstruating"
25,1,10,"6 months–1 year",1,1,"Osteoporosis","No",16,2,0,0,12,"Yes",0,0,NA,0,0,"Menstruating",25,"Menstruating",13,0,0,0,0,0,0,0,0,0,2,1,0,0,0,0,0,0,2,0,1,0,1,1,0,0,25,15,10,16,2,0,0,0,0,0,"Menstruating"
42,1,4,"3 years",1,1,"None","No",14,0,0,0,14,"Yes",1,0,NA,0,0,"Early-Amenhorrea",35,"Amenhorrea",21,0,0,0,0,0,0,0,1,0,2,1,1,0,0,0,0,0,2,0,1,1,1,0,0,0,42,38,4,14,0,0,0,0,0,0,"Early_Amenorrhea_surgical"
44,1,5,"< 6 months",1,1,"Other","No",0,1,0,0,15,"Yes",0,0,NA,0,1,"Menstruating",44,"Menstruating",29,0,0,0,0,0,0,0,0,0,2,1,0,0,0,0,1,0,1,0,1,0,1,1,0,0,44,39,5,0,1,0,0,0,0,0,"Menstruating"
44,1,1,"4 years",1,1,"None","No",30,2,0,1,12,"Yes",0,0,2,0,0,"Menstruating",44,"Menstruating",32,0,0,0,0,0,0,0,0,0,2,1,1,0,0,0,1,0,1,0,1,1,1,0,0,0,44,43,1,30,2,0,0,0,0,0,"Menstruating"
33,1,1,"6 months–1 year",1,1,"Rheumatoid arthritis","No",24,2,0,0,13,"Yes",0,0,NA,0,0,"Menstruating",33,"Menstruating",20,0,0,0,0,0,0,0,1,0,2,0,0,0,0,0,0,0,2,0,1,1,1,0,0,0,33,32,1,24,2,0,0,0,0,0,"Menstruating"
32,1,15,"6 months–1 year",0,0,"None","No",0,1,0,0,15,"No",0,0,NA,0,0,"Menstruating",32,"Menstruating",17,0,0,0,0,0,0,0,0,0,2,0,0,0,0,0,0,0,99,0,1,0,1,0,0,0,32,17,15,0,1,0,0,0,0,0,"Menstruating"
38,1,1,"> 5 years",1,0,"Other","No",4,1,0,1,10,"No",1,0,2,1,0,"Early-Amenhorrea",32,"Amenhorrea",22,0,0,0,0,0,0,0,0,0,2,1,0,0,0,0,1,0,1,0,1,0,1,0,0,0,38,37,1,4,1,0,0,0,0,0,"Early_Amenorrhea_surgical"
29,1,1,"> 5 years",1,1,"Rheumatoid arthritis","No",31,5,0,0,9,"No",0,0,NA,0,0,"Menstruating",29,"Menstruating",20,0,0,0,0,0,0,0,0,0,2,1,1,0,0,0,1,0,1,1,1,1,1,0,0,0,29,28,1,31,5,0,0,0,0,0,"Menstruating"
43,1,2,"> 5 years",1,1,"Other","No",9,2,0,1,15,"Yes",1,0,3,0,0,"Amenhorrea",40,"Amenhorrea",25,0,0,0,0,0,0,0,0,0,2,0,0,0,0,0,0,0,1,0,1,0,1,0,0,0,43,41,2,9,2,0,0,0,0,0,"Amenorrhea_surgical"
44,1,25,"6 months–1 year",0,1,"Rheumatoid arthritis","Yes",18,3,0,0,11,"No",0,0,NA,0,0,"Menstruating",44,"Menstruating",33,0,0,0,0,0,0,0,0,0,2,0,0,0,0,0,0,0,1,0,1,0,1,0,0,0,44,19,25,18,3,0,0,0,0,0,"Menstruating"
48,1,12,"< 6 months",1,0,"Cardiovascular disease","No",16,1,0,1,12,"Yes",0,0,1,0,0,"Menstruating",48,"Menstruating",36,0,0,0,0,0,1,0,0,0,2,1,0,0,0,0,1,0,2,0,1,0,1,0,0,0,48,36,12,16,1,0,0,0,0,0,"Menstruating"
45,1,5,"> 10 years",0,1,"Rheumatoid arthritis","No",46,4,0,1,16,"No",0,0,4,1,0,"Amenhorrea",43,"Amenhorrea",27,0,0,0,0,0,0,0,1,0,2,0,0,0,0,0,0,0,1,0,1,1,1,0,0,0,45,40,5,46,4,0,0,0,0,0,"Amenorrhea_natural"
22,1,8,"6 months–1 year",1,1,"Other","No",37,4,0,0,11,"Yes",0,0,NA,0,0,"Menstruating",22,"Menstruating",11,0,0,0,0,0,0,0,0,0,2,0,0,0,0,0,0,0,1,0,1,0,1,0,0,0,22,14,8,37,4,0,0,0,0,0,"Menstruating"
34,1,1,"> 5 years",1,1,"None","No",32,0,0,0,12,"No",0,0,NA,0,0,"Menstruating",34,"Menstruating",22,0,0,0,0,0,0,0,0,0,2,0,0,0,0,0,0,0,1,0,1,0,1,0,0,0,34,33,1,32,0,0,0,0,0,0,"Menstruating"
35,1,2.5,"4 years",1,1,"Other","No",9,2,0,1,11,"Yes",0,0,1,0,0,"Menstruating",35,"Menstruating",24,0,0,0,0,0,0,0,1,0,2,1,0,0,0,0,1,0,1,0,1,0,1,0,0,0,35,32.5,2.5,9,2,0,0,0,0,0,"Menstruating"
48,1,26,"6 months–1 year",1,1,"Hypertension","No",66,10,0,1,17,"No",0,0,2,1,0,"Amenhorrea",44,"Amenhorrea",27,0,0,0,0,0,0,0,0,0,2,0,0,0,0,0,0,0,1,0,1,1,1,0,0,0,48,22,26,66,10,0,0,0,0,0,"Amenorrhea_natural"
36,1,26,"1 year",0,1,"Other","No",7,3,0,0,11,"Yes",0,0,NA,0,1,"Menstruating",36,"Menstruating",25,0,0,0,0,0,0,0,0,0,2,0,0,0,0,0,0,0,1,0,1,0,1,0,0,0,36,10,26,7,3,0,0,0,0,0,"Menstruating"
47,1,12,"> 10 years",1,1,"Other","Yes",48,9,0,0,13,"Yes",0,0,NA,0,0,"Amenhorrea",45,"Amenhorrea",32,0,0,0,0,0,0,0,0,0,2,1,0,0,0,0,1,0,1,1,1,0,1,0,0,0,47,35,12,48,9,0,0,0,0,0,"Amenorrhea_natural"
56,1,1,"6 months–1 year",1,1,"Hypertension","No",43,0,0,0,12,"Yes",0,0,NA,0,0,"Amenhorrea",49,"Amenhorrea",37,0,0,0,0,0,0,0,0,0,2,0,0,0,0,0,0,0,1,1,1,0,1,0,0,0,56,55,1,43,0,0,0,0,0,0,"Amenorrhea_natural"
26,1,1,"< 6 months",1,1,"None","No",16,4,0,0,10,"Yes",0,0,NA,0,0,"Menstruating",26,"Menstruating",16,0,0,0,0,0,0,0,0,0,2,0,0,0,0,0,0,0,2,0,1,0,1,0,0,0,26,25,1,16,4,0,0,0,0,0,"Menstruating"
64,1,3,"1 year",0,0,"Other","No",8,0,0,1,13,"No",0,0,3,0,0,"Amenhorrea",50,"Amenhorrea",37,0,0,0,0,0,0,0,0,0,2,1,0,0,0,0,1,0,2,0,1,0,1,0,0,0,64,61,3,8,0,0,0,0,0,0,"Amenorrhea_natural"
50,1,24,"6 months–1 year",1,0,"None","No",2,0,0,1,12,"Yes",0,0,2,0,0,"Amenhorrea",48,"Amenhorrea",36,0,0,0,0,0,0,0,0,0,2,0,0,0,0,0,0,0,2,0,1,0,1,0,0,0,50,26,24,2,0,0,0,0,0,0,"Amenorrhea_natural"
26,1,14,"< 6 months",1,1,"None","No",41,3,0,0,11,"No",0,0,NA,0,0,"Menstruating",26,"Menstruating",15,0,0,0,0,0,0,0,0,0,1,0,0,0,0,0,0,0,1,0,1,0,1,0,0,0,26,12,14,41,3,0,0,0,0,0,"Menstruating"
39,1,7,"6 months–1 year",1,1,"Rheumatoid arthritis","No",16,0,0,0,12,"Yes",0,0,NA,0,1,"Early-Amenhorrea",32,"Amenhorrea",20,0,0,0,0,0,0,0,1,0,2,0,0,0,0,0,0,0,2,0,1,1,1,0,0,0,39,32,7,16,0,0,0,0,0,0,"Early_Amenorrhea"
32,1,9,"6 months–1 year",1,1,"Hypertension","No",22,6,0,1,12,"No",0,0,1,1,0,"Menstruating",32,"Menstruating",20,0,0,0,0,0,0,0,0,0,2,0,0,0,0,0,0,0,1,0,1,1,1,0,0,0,32,23,9,22,6,0,0,0,0,0,"Menstruating"
28,1,9,"> 10 years",1,0,"Cardiovascular disease","No",17,1,0,0,11,"Yes",0,0,NA,0,0,"Menstruating",28,"Menstruating",17,0,0,0,0,0,0,0,0,0,2,0,0,0,0,0,0,0,1,0,1,0,1,0,0,0,28,19,9,17,1,0,0,0,0,0,"Menstruating"
53,1,2,"> 10 years",0,1,"None","No",39,4,0,1,14,"No",0,0,1,0,0,"Amenhorrea",50,"Amenhorrea",36,0,0,0,0,0,0,0,0,0,2,1,0,0,0,0,0,1,1,0,1,0,1,0,0,0,53,51,2,39,4,0,0,0,0,0,"Amenorrhea_natural"
56,1,2,"> 5 years",1,1,"Other","No",28,3,0,1,13,"Yes",0,0,3,0,0,"Amenhorrea",53,"Amenhorrea",40,0,0,0,0,0,0,0,0,0,2,1,0,0,0,0,1,0,1,0,1,0,1,1,0,0,56,54,2,28,3,0,0,0,0,0,"Amenorrhea_natural"
38,1,4,"6 months–1 year",1,0,"None","No",30,11,0,1,11,"No",0,0,2,0,0,"Menstruating",38,"Menstruating",27,0,0,0,0,0,0,0,0,0,2,0,0,0,0,0,0,0,1,0,1,0,1,0,0,0,38,34,4,30,11,0,0,0,0,0,"Menstruating"
58,1,5,"> 10 years",1,1,"Thyroid disease","No",33,8,0,0,9,"Yes",1,1,NA,0,0,"Amenhorrea",50,"Amenhorrea",41,0,0,0,0,0,0,0,0,0,2,1,1,0,0,0,0,0,1,0,1,1,1,0,0,0,58,53,5,33,8,0,0,0,0,0,"Amenorrhea_surgical"
49,1,16,"> 5 years",0,0,"Diabetes mellitus","Yes",16,5,0,1,14,"No",0,0,2,0,0,"Amenhorrea",40,"Amenhorrea",26,0,0,0,0,0,0,0,1,0,2,0,0,0,0,0,0,0,1,1,1,0,1,0,0,0,49,33,16,16,5,0,0,0,0,0,"Amenorrhea_natural"
45,1,2,"2 years",0,1,"Thyroid disease","No",17,3,0,1,13,"No",0,0,2,1,0,"Amenhorrea",40,"Amenhorrea",27,0,0,0,0,0,0,0,0,1,2,0,0,0,0,0,0,0,1,0,1,0,1,0,0,0,45,43,2,17,3,0,0,0,0,0,"Amenorrhea_natural"
37,1,19,"< 6 months",1,1,"None","Yes",5,3,0,1,9,"Yes",0,0,4,0,0,"Menstruating",37,"Menstruating",28,0,0,0,0,0,0,0,0,0,2,0,0,0,0,0,0,0,2,0,1,0,1,0,0,0,37,18,19,5,3,0,0,0,0,0,"Menstruating"
18,1,6,"< 6 months",1,1,"None","No",15,1,0,0,15,"Yes",0,0,NA,0,0,"Menstruating",18,"Menstruating",3,0,0,0,0,0,0,0,0,0,2,0,0,0,0,0,0,0,1,0,1,0,1,0,0,0,18,12,6,15,1,0,0,0,0,0,"Menstruating"
50,1,2,"6 months–1 year",1,1,"None","No",52,2,0,1,15,"Yes",0,0,2,0,0,"Amenhorrea",48,"Amenhorrea",33,0,0,0,0,0,0,0,1,0,2,1,0,0,0,0,0,1,1,0,1,0,1,0,0,0,50,48,2,52,2,0,0,0,0,0,"Amenorrhea_natural"
20,1,7,"6 months–1 year",1,1,"None","No",43,5,0,0,18,"Yes",0,0,NA,0,0,"Menstruating",20,"Menstruating",2,0,0,0,0,0,0,0,0,0,2,1,1,0,0,0,0,0,2,0,1,0,1,0,0,0,20,13,7,43,5,0,0,0,0,0,"Menstruating"
39,1,5,"< 6 months",1,1,"Multiple sclerosis","No",14,3,0,0,14,"Yes",0,0,NA,0,0,"Menstruating",39,"Menstruating",25,0,0,0,0,0,0,0,0,0,2,1,0,1,0,0,0,0,2,0,1,0,1,0,0,0,39,34,5,14,3,0,0,0,0,0,"Menstruating"
35,1,6,"> 5 years",1,1,"Other","No",19,5,0,1,12,"Yes",0,0,1,0,0,"Menstruating",35,"Menstruating",23,1,0,0,0,0,1,0,1,1,2,0,0,0,0,0,0,0,99,0,1,0,1,0,0,1,35,29,6,19,5,0,0,0,0,0,"Menstruating"
33,1,1,"> 5 years",0,1,"Hypertension","No",65,12,0,0,15,"No",0,0,NA,0,0,"Menstruating",33,"Menstruating",18,0,0,0,0,0,0,0,0,0,2,1,1,0,0,0,0,0,1,1,1,1,1,1,0,0,33,32,1,65,12,0,0,0,0,0,"Menstruating"
45,1,25,"> 5 years",0,1,"Hypertension","No",66,5,0,1,13,"No",1,1,2,0,0,"Amenhorrea",43,"Amenhorrea",30,0,0,0,0,0,0,0,0,0,2,0,0,0,0,0,0,0,2,0,1,0,1,0,0,0,45,20,25,66,5,0,0,0,0,0,"Amenorrhea_surgical"
48,1,2,"1 year",1,1,"Hypertension","No",68,6,0,0,14,"Yes",0,0,NA,0,0,"Amenhorrea",46,"Amenhorrea",32,0,0,0,0,0,0,0,0,0,2,1,1,0,0,0,1,0,1,0,1,1,1,0,0,0,48,46,2,68,6,0,0,0,0,0,"Amenorrhea_natural"
48,1,3,"< 6 months",0,1,"None","No",26,0,0,1,12,"Yes",0,0,3,0,0,"Menstruating",48,"Menstruating",36,0,0,0,0,0,0,0,0,0,2,0,0,0,0,0,0,0,2,0,2,0,0,0,0,0,48,45,3,26,0,0,0,0,0,0,"Menstruating"
41,1,1,"1 year",0,1,"Rheumatoid arthritis","No",34,2,0,1,13,"No",0,0,2,1,0,"Menstruating",41,"Menstruating",28,0,0,0,0,0,0,0,0,0,2,1,1,0,0,0,0,0,1,0,1,1,1,0,0,0,41,40,1,34,2,0,0,0,0,0,"Menstruating"
45,1,1,"> 10 years",1,0,"None","No",16,0,0,1,12,"Yes",0,0,3,1,0,"Menstruating",45,"Menstruating",33,0,0,0,0,0,0,0,1,0,2,0,0,0,0,0,0,0,1,0,1,0,1,0,0,0,45,44,1,16,0,0,0,0,0,0,"Menstruating"
49,1,17,"6 months–1 year",1,0,"Rheumatoid arthritis","Yes",18,4,0,0,14,"No",0,0,NA,0,0,"Early-Amenhorrea",32,"Amenhorrea",18,0,0,0,0,0,0,0,0,0,2,0,0,0,0,0,0,0,1,0,1,0,1,0,0,0,49,32,17,18,4,0,0,0,0,0,"Early_Amenorrhea"
34,1,14,"3 years",1,0,"None","Yes",0,0,0,0,13,"No",0,0,NA,0,0,"Menstruating",34,"Menstruating",21,0,0,0,0,0,0,0,0,0,2,0,0,0,0,0,0,0,2,0,1,0,1,0,0,0,34,20,14,0,0,0,0,0,0,0,"Menstruating"
65,1,7,"3 years",1,0,"Osteoporosis","Yes",27,8,0,1,10,"Yes",1,0,4,1,0,"Early-Amenhorrea",38,"Amenhorrea",28,0,0,0,0,0,0,0,1,0,2,0,0,0,0,0,0,0,1,0,1,0,0,0,0,0,65,58,7,27,8,0,0,0,0,0,"Early_Amenorrhea_surgical"
27,1,1,"> 5 years",1,1,"Rheumatoid arthritis","No",25,6,0,1,12,"Yes",0,0,1,0,0,"Menstruating",27,"Menstruating",15,0,0,0,0,0,0,0,0,0,2,1,1,0,0,0,0,0,1,0,1,1,1,0,0,0,27,26,1,25,6,0,0,0,0,0,"Menstruating"
52,1,11,"1 year",1,1,"None","No",5,3,0,1,15,"Yes",0,0,2,0,0,"Amenhorrea",50,"Amenhorrea",35,0,0,0,0,0,0,0,0,0,2,0,0,0,0,0,0,0,1,0,1,1,1,0,0,0,52,41,11,5,3,0,0,0,0,0,"Amenorrhea_natural"
28,1,4,"2 years",1,0,"None","No",28,1,0,0,12,"Yes",0,0,NA,0,0,"Menstruating",28,"Menstruating",16,0,0,0,0,0,0,0,0,0,2,1,0,0,0,0,1,0,2,0,1,0,1,0,0,0,28,24,4,28,1,0,0,0,0,0,"Menstruating"
24,1,1,"> 5 years",1,1,"Thyroid disease","No",22,3,0,0,13,"Yes",0,0,NA,0,0,"Menstruating",24,"Menstruating",11,0,0,0,0,0,0,0,0,0,2,0,0,0,0,0,0,0,1,0,1,0,1,0,0,0,24,23,1,22,3,0,0,0,0,0,"Menstruating"
34,1,2,"> 5 years",1,1,"Other","No",24,0,0,1,12,"Yes",0,0,1,0,1,"Menstruating",34,"Menstruating",22,0,0,0,0,0,0,0,0,0,2,0,0,0,0,0,0,0,1,0,1,0,1,0,0,0,34,32,2,24,0,0,0,0,0,0,"Menstruating"
49,1,28,"6 months–1 year",0,1,"Other","No",20,2,0,1,9,"Yes",1,0,2,0,0,"Amenhorrea",42,"Amenhorrea",33,0,0,0,0,0,0,0,0,0,2,0,0,0,0,0,0,0,1,0,1,0,1,0,0,0,49,21,28,20,2,0,0,0,0,0,"Amenorrhea_surgical"
38,1,1,"> 5 years",1,1,"None","No",34,5,0,1,9,"No",0,0,2,1,0,"Menstruating",38,"Menstruating",29,0,0,0,0,0,0,0,0,0,2,0,0,0,0,0,0,0,1,0,1,0,1,0,0,0,38,37,1,34,5,0,0,0,0,0,"Menstruating"
42,1,2,"< 6 months",1,0,"Thyroid disease","No",24,3,0,0,17,"Yes",0,0,NA,0,0,"Menstruating",42,"Menstruating",25,0,0,0,0,0,0,0,0,0,2,0,0,0,0,0,0,0,1,0,1,1,1,0,0,0,42,40,2,24,3,0,0,0,0,0,"Menstruating"
44,1,12,"3 years",1,1,"Other","No",12,0,0,0,12,"Yes",0,0,NA,0,0,"Menstruating",44,"Menstruating",32,0,0,0,0,0,0,0,0,0,2,0,0,0,0,0,0,0,2,0,1,0,1,0,0,0,44,32,12,12,0,0,0,0,0,0,"Menstruating"
38,1,1,"3 years",1,1,"None","No",14,0,0,1,12,"Yes",0,0,2,0,0,"Menstruating",38,"Menstruating",26,0,0,0,0,0,0,0,1,0,2,0,0,0,0,0,0,0,1,0,1,0,1,0,0,0,38,37,1,14,0,0,0,0,0,0,"Menstruating"
43,1,1,"2 years",1,1,"Hypertension","No",32,4,0,1,11,"Yes",0,0,2,1,1,"Amenhorrea",42,"Amenhorrea",31,0,0,0,0,0,1,0,0,0,2,0,0,0,0,0,0,0,1,0,1,0,1,0,0,0,43,42,1,32,4,0,0,0,0,0,"Amenorrhea_natural"
22,1,7,"> 5 years",1,1,"None","Yes",60,6,0,0,14,"Yes",0,0,NA,0,1,"Menstruating",22,"Menstruating",8,0,0,0,0,0,0,0,0,0,2,0,0,0,0,0,0,0,1,0,1,0,1,0,0,0,22,15,7,60,6,0,0,0,0,0,"Menstruating"
59,1,50,"6 months–1 year",1,1,"Osteoporosis","No",8,1,0,1,16,"Yes",0,0,4,0,0,"Amenhorrea",54,"Amenhorrea",38,0,0,0,0,0,0,0,1,0,NA,0,0,0,0,0,0,0,1,0,1,1,1,0,0,0,59,9,50,8,1,0,0,0,0,0,"Amenorrhea_natural"
66,1,10,"2 years",0,1,"Other","No",12,3,0,1,13,"Yes",0,0,3,0,0,"Amenhorrea",55,"Amenhorrea",42,0,0,0,0,0,0,0,0,0,2,0,0,0,0,0,0,0,1,0,1,0,1,0,0,0,66,56,10,12,3,0,0,0,0,0,"Amenorrhea_natural"
22,1,3,"< 6 months",1,1,"Rheumatoid arthritis","No",16,4,0,0,13,"Yes",0,0,NA,0,0,"Menstruating",22,"Menstruating",9,0,0,0,0,0,0,0,0,0,2,0,0,0,0,0,0,0,2,0,1,1,1,0,0,0,22,19,3,16,4,0,0,0,0,0,"Menstruating"
34,1,1,"6 months–1 year",1,1,"Other","No",53,9,0,1,12,"Yes",0,0,1,0,0,"Menstruating",34,"Menstruating",22,0,0,0,0,0,0,0,0,0,2,0,0,0,0,0,0,0,2,0,1,0,1,0,0,0,34,33,1,53,9,0,0,0,0,0,"Menstruating"
32,1,5,"> 5 years",1,1,"Thyroid disease","No",58,4,0,1,13,"No",0,0,1,1,0,"Menstruating",32,"Menstruating",19,1,0,0,0,0,1,0,0,0,2,1,0,0,0,0,1,0,1,0,1,0,1,0,0,1,32,27,5,58,4,0,0,0,0,0,"Menstruating"
33,1,5,"< 6 months",1,1,"Rheumatoid arthritis","No",58,1,0,1,13,"Yes",0,0,3,0,0,"Menstruating",33,"Menstruating",20,0,0,0,0,0,0,0,0,0,2,0,0,0,0,0,0,0,2,0,1,1,1,0,0,0,33,28,5,58,1,0,0,0,0,0,"Menstruating"
50,1,6,"1 year",0,1,"Hypertension","No",16,5,0,1,12,"Yes",0,0,3,0,0,"Amenhorrea",43,"Amenhorrea",31,0,0,1,0,0,1,0,0,0,2,0,0,0,0,0,0,0,1,0,1,0,1,0,0,1,50,44,6,16,5,0,0,0,0,0,"Amenorrhea_natural"
33,1,1,"6 months–1 year",1,1,"None","No",31,3,0,1,12,"Yes",0,0,2,0,0,"Menstruating",33,"Menstruating",21,0,0,0,0,0,0,0,1,0,2,0,0,0,0,0,0,0,2,0,1,1,1,0,0,0,33,32,1,31,3,0,0,0,0,0,"Menstruating"
31,1,2,"2 years",0,1,"Thyroid disease","No",36,2,0,0,11,"Yes",0,0,NA,0,0,"Menstruating",31,"Menstruating",20,0,0,0,0,0,0,0,0,0,2,0,0,0,0,0,0,0,1,0,1,0,1,0,0,0,31,29,2,36,2,0,0,0,0,0,"Menstruating"
19,1,1,"6 months–1 year",1,1,"None","No",28,4,0,0,13,"No",0,0,NA,0,0,"Menstruating",19,"Menstruating",6,0,0,0,0,0,0,0,0,0,2,0,0,0,0,0,0,0,1,0,1,0,1,0,0,0,19,18,1,28,4,0,0,0,0,0,"Menstruating"
29,1,1,"2 years",1,0,"Other","No",15,1,0,0,14,"Yes",0,0,NA,0,1,"Early-Amenhorrea",21,"Amenhorrea",7,0,0,0,0,0,0,0,0,0,NA,0,0,0,0,0,0,0,2,0,1,0,1,0,0,0,29,28,1,15,1,0,0,0,0,0,"Early_Amenorrhea"
41,1,16,"< 6 months",0,1,"Diabetes mellitus","Yes",43,7,0,1,12,"Yes",0,0,1,0,0,"Early-Amenhorrea",39,"Amenhorrea",27,0,0,0,0,0,0,0,0,0,2,0,0,0,0,0,0,0,1,1,1,0,1,0,0,0,41,25,16,43,7,0,0,0,0,0,"Early_Amenorrhea"
36,1,13,"< 6 months",1,0,"Other","No",29,8,0,1,12,"Yes",0,0,2,0,0,"Menstruating",36,"Menstruating",24,0,0,0,0,0,0,0,1,0,2,1,1,0,0,0,0,0,1,0,1,1,1,0,0,0,36,23,13,29,8,0,0,0,0,0,"Menstruating"
58,1,1,"< 6 months",0,1,"Cardiovascular disease","No",80,15,0,1,10,"Yes",1,1,2,0,0,"Amenhorrea",40,"Amenhorrea",30,0,0,0,0,0,0,0,0,0,1,1,1,0,0,0,0,0,1,0,1,1,1,0,0,0,58,57,1,80,15,0,0,0,0,0,"Amenorrhea_surgical"
23,1,1,"1 year",1,1,"None","No",28,1,0,0,11,"Unknown",0,0,NA,0,0,"Menstruating",23,"Menstruating",12,0,0,0,0,0,0,0,0,0,2,0,0,0,0,0,0,0,2,0,1,0,1,0,0,0,23,22,1,28,1,0,0,0,0,0,"Menstruating"
33,1,2,"> 5 years",1,1,"Thyroid disease","No",24,3,0,1,14,"Yes",0,0,1,0,0,"Menstruating",33,"Menstruating",19,0,0,0,0,0,0,1,0,0,2,1,0,0,0,1,1,0,1,0,1,0,1,0,0,0,33,31,2,24,3,0,0,0,0,0,"Menstruating"
24,1,0.5,"2 years",1,0,"Thyroid disease","No",6,2,0,0,13,"No",0,0,NA,1,1,"Menstruating",24,"Menstruating",11,0,0,0,0,0,0,0,0,0,2,0,0,0,0,0,0,0,1,0,1,0,1,0,0,0,24,23.5,0.5,6,2,0,0,0,0,0,"Menstruating"
33,1,3,"< 6 months",1,1,"Thyroid disease","No",25,0,0,1,9,"Yes",0,0,1,0,0,"Menstruating",33,"Menstruating",24,0,0,0,0,0,0,0,0,0,2,0,0,0,0,0,0,0,2,0,1,0,1,0,0,0,33,30,3,25,0,0,0,0,0,0,"Menstruating"
44,1,8,"2 years",0,1,"Other","No",16,0,0,1,12,"No",0,0,2,0,1,"Amenhorrea",40,"Amenhorrea",28,0,0,0,0,0,0,0,0,0,2,0,0,0,0,0,0,0,2,0,1,0,1,0,0,0,44,36,8,16,0,0,0,0,0,0,"Amenorrhea_natural"
44,1,4,"> 5 years",1,0,"Other","No",60,6,0,1,13,"No",0,0,2,0,0,"Menstruating",44,"Menstruating",31,1,0,0,0,0,1,0,0,0,2,1,0,0,0,0,0,0,1,1,1,0,1,0,1,1,44,40,4,60,6,0,0,0,0,0,"Menstruating"
40,1,20,"2 years",0,1,"Other","Yes",2,2,0,0,12,"Yes",0,0,NA,0,0,"Early-Amenhorrea",19,"Amenhorrea",7,0,0,0,0,0,0,0,0,0,2,1,0,0,0,0,0,0,1,0,1,0,1,0,0,0,40,20,20,2,2,0,0,0,0,0,"Early_Amenorrhea"
24,1,1,"2 years",1,0,"None","No",17,0,0,0,12,"No",0,0,NA,1,0,"Menstruating",24,"Menstruating",12,0,0,0,0,0,0,0,0,0,2,0,0,0,0,0,0,0,1,0,1,0,1,0,0,0,24,23,1,17,0,0,0,0,0,0,"Menstruating"
29,1,6,"1 year",1,0,"None","No",54,6,0,0,12,"No",0,0,NA,1,0,"Menstruating",29,"Menstruating",17,0,0,0,0,0,0,0,0,0,2,0,0,0,0,0,0,0,1,0,1,0,1,0,0,0,29,23,6,54,6,0,0,0,0,0,"Menstruating"
32,1,5,"> 5 years",1,1,"Other","No",51,2,0,0,12,"Yes",0,0,NA,0,0,"Menstruating",32,"Menstruating",20,0,0,0,0,0,0,0,0,0,2,0,0,0,0,0,0,0,1,0,1,0,1,0,0,0,32,27,5,51,2,0,0,0,0,0,"Menstruating"
35,1,6,"6 months–1 year",1,0,"Other","No",35,3,0,1,11,"Yes",0,0,1,0,0,"Menstruating",35,"Menstruating",24,0,0,0,0,0,0,0,1,0,2,0,0,0,0,0,0,0,1,0,1,1,1,0,0,0,35,29,6,35,3,0,0,0,0,0,"Menstruating"
32,1,1,"6 months–1 year",0,0,"Rheumatoid arthritis","No",38,6,0,1,10,"No",0,0,5,1,0,"Menstruating",32,"Menstruating",22,1,1,1,1,1,1,1,1,1,2,1,1,0,1,0,0,0,1,1,1,1,1,0,0,1,32,31,1,38,6,0,0,0,0,0,"Menstruating"
37,1,2,"2 years",1,0,"Other","No",21,2,0,1,12,"Yes",0,0,2,0,0,"Menstruating",37,"Menstruating",25,0,0,0,0,0,0,0,0,0,2,0,0,0,0,0,0,0,1,0,1,0,1,0,0,0,37,35,2,21,2,0,0,0,0,0,"Menstruating"
40,1,15,"< 6 months",1,1,"Thyroid disease","Yes",39,2,0,1,13,"Yes",0,0,4,0,1,"Menstruating",40,"Menstruating",27,1,0,0,1,0,1,0,0,0,2,1,0,0,0,0,0,0,1,0,1,0,1,0,0,1,40,25,15,39,2,0,0,0,0,0,"Menstruating"
41,1,0.5,"2 years",1,1,"Thyroid disease","No",30,2,0,1,13,"Yes",0,0,3,0,0,"Menstruating",41,"Menstruating",28,0,0,0,0,0,0,0,0,0,2,0,0,0,0,0,0,0,1,0,1,0,1,0,0,0,41,40.5,0.5,30,2,0,0,0,0,0,"Menstruating"
25,1,5,"2 years",1,0,"Other","No",16,0,0,0,12,"Yes",0,0,NA,0,0,"Menstruating",25,"Menstruating",13,0,0,0,0,0,0,0,0,0,2,0,0,0,0,0,0,0,2,0,1,0,1,0,0,0,25,20,5,16,0,0,0,0,0,0,"Menstruating"
32,1,4,"> 5 years",1,0,"None","No",12,3,0,0,13,"No",0,0,NA,1,0,"Menstruating",32,"Menstruating",19,0,0,0,0,0,0,0,0,0,2,0,0,0,0,0,0,0,1,0,1,0,1,0,0,0,32,28,4,12,3,0,0,0,0,0,"Menstruating"
31,1,1,"> 10 years",1,1,"Other","No",28,4,0,1,15,"Yes",0,0,2,0,0,"Menstruating",31,"Menstruating",16,0,0,0,0,0,0,0,0,0,2,0,0,0,0,0,0,0,1,0,1,0,1,0,0,0,31,30,1,28,4,0,0,0,0,0,"Menstruating"
45,1,7,"1 year",1,1,"Thyroid disease","No",21,6,0,1,13,"No",0,0,1,0,1,"Menstruating",45,"Menstruating",32,0,0,0,0,0,0,0,1,0,2,0,0,0,0,0,0,0,1,0,1,1,1,0,0,0,45,38,7,21,6,0,0,0,0,0,"Menstruating"
27,1,1,"< 6 months",0,1,"Other","No",19,2,0,0,12,"No",0,0,NA,0,0,"Menstruating",27,"Menstruating",15,0,0,0,0,0,0,0,0,0,2,0,0,0,0,0,0,0,1,0,1,0,1,0,0,0,27,26,1,19,2,0,0,0,0,0,"Menstruating"
25,1,3,"6 months–1 year",1,0,"Thyroid disease","No",13,4,0,0,10,"Yes",0,0,NA,0,0,"Menstruating",25,"Menstruating",15,0,0,0,0,0,0,0,0,0,2,1,0,0,0,0,0,0,1,0,1,0,1,0,0,0,25,22,3,13,4,0,0,0,0,0,"Menstruating"
23,1,1,"> 5 years",1,0,"None","No",17,2,0,0,12,"Yes",0,0,NA,0,0,"Menstruating",23,"Menstruating",11,0,0,0,0,0,0,0,0,0,2,0,0,0,0,0,0,0,2,0,1,0,1,0,0,0,23,22,1,17,2,0,0,0,0,0,"Menstruating"
19,1,3,"< 6 months",1,1,"Other","No",26,3,0,1,12,"Unknown",0,0,2,0,0,"Menstruating",19,"Menstruating",7,1,1,0,0,0,1,0,0,0,2,0,0,0,0,0,0,0,1,0,1,0,1,0,0,1,19,16,3,26,3,0,0,0,0,0,"Menstruating"
21,1,1,"< 6 months",1,0,"Other","No",2,0,0,0,14,"Yes",0,0,NA,0,0,"Menstruating",21,"Menstruating",7,0,0,0,0,0,0,0,0,0,2,0,0,0,0,0,0,0,2,0,2,0,0,0,0,0,21,20,1,2,0,0,0,0,0,0,"Menstruating"
44,1,9,"6 months–1 year",0,1,"None","Yes",34,5,0,1,12,"Yes",0,0,4,0,0,"Amenhorrea",42,"Amenhorrea",30,0,0,0,0,0,0,0,1,0,2,0,0,0,0,0,0,0,1,0,1,1,1,0,0,0,44,35,9,34,5,0,0,0,0,0,"Amenorrhea_natural"
46,1,12,"> 5 years",0,1,"Hypertension","Yes",6,0,0,1,12,"Yes",0,0,1,0,0,"Amenhorrea",45,"Amenhorrea",33,0,0,0,0,0,0,0,1,0,2,0,0,0,0,0,0,0,1,0,1,0,1,0,0,0,46,34,12,6,0,0,0,0,0,0,"Amenorrhea_natural"
28,1,1,"3 years",1,1,"None","No",28,4,0,1,13,"Yes",0,0,1,0,0,"Menstruating",28,"Menstruating",15,0,0,0,0,0,0,0,1,0,2,0,0,0,0,0,0,0,2,0,1,0,1,0,0,0,28,27,1,28,4,0,0,0,0,0,"Menstruating"
44,1,1,"< 6 months",0,0,"Hypertension","No",8,2,0,0,15,"Yes",0,0,NA,0,0,"Menstruating",44,"Menstruating",29,0,0,0,0,0,0,0,1,0,2,0,0,0,0,0,0,0,1,0,1,0,1,0,0,0,44,43,1,8,2,0,0,0,0,0,"Menstruating"
29,1,1.5,"> 10 years",0,0,"Other","No",26,4,0,0,11,"Yes",0,1,NA,1,1,"Menstruating",29,"Menstruating",18,0,0,0,0,0,0,0,0,0,2,1,0,0,0,0,0,1,1,0,1,0,1,0,0,0,29,27.5,1.5,26,4,0,0,0,0,0,"Menstruating"
29,1,3,"< 6 months",1,1,"None","No",4,2,0,0,12,"Yes",0,0,NA,0,0,"Menstruating",29,"Menstruating",17,0,0,0,0,0,0,0,0,0,2,0,0,0,0,0,0,0,2,0,1,0,1,0,0,0,29,26,3,4,2,0,0,0,0,0,"Menstruating"
61,1,12,"2 years",1,1,"None","No",23,4,0,1,13,"Yes",1,0,3,0,0,"Amenhorrea",49,"Amenhorrea",36,0,0,0,0,0,0,0,0,0,2,0,0,0,0,0,0,0,1,0,1,0,1,0,0,0,61,49,12,23,4,0,0,0,0,0,"Amenorrhea_surgical"
39,1,1,"6 months–1 year",1,0,"Thyroid disease","No",8,0,0,1,12,"No",0,0,3,0,0,"Menstruating",39,"Menstruating",27,0,0,0,0,0,0,0,0,1,NA,0,0,0,0,0,0,0,1,0,1,0,1,0,0,0,39,38,1,8,0,0,0,0,0,0,"Menstruating"
21,1,5,"> 5 years",1,1,"Other","No",31,6,0,0,14,"Yes",0,0,NA,0,0,"Menstruating",21,"Menstruating",7,0,0,0,0,0,0,0,0,0,2,1,1,0,0,0,0,0,2,0,1,1,1,0,0,0,21,16,5,31,6,0,0,0,0,0,"Menstruating"
21,1,6,"< 6 months",1,1,"None","Yes",0,5,0,0,11,"Yes",0,0,NA,0,0,"Menstruating",21,"Menstruating",10,0,0,0,0,0,0,0,0,0,2,0,0,0,0,0,0,0,2,0,2,0,0,0,0,0,21,15,6,0,5,0,0,0,0,0,"Menstruating"
37,1,4,"1 year",0,1,"Other","No",43,2,0,0,11,"No",1,1,NA,0,0,"Early-Amenhorrea",36,"Amenhorrea",25,0,0,0,0,0,0,0,0,0,2,0,0,0,0,0,0,0,1,0,1,1,1,0,0,0,37,33,4,43,2,0,0,0,0,0,"Early_Amenorrhea_surgical"
27,1,1,"< 6 months",1,1,"Thyroid disease","No",18,6,0,0,13,"No",0,0,NA,0,0,"Menstruating",27,"Menstruating",14,0,0,0,0,0,0,0,0,0,NA,NA,0,0,0,0,0,0,NA,0,NA,0,0,0,0,0,27,26,1,18,6,0,0,0,0,0,"Menstruating"
32,1,2,"6 months–1 year",1,1,"Other","No",20,0,0,0,13,"Yes",0,0,NA,0,0,"Menstruating",32,"Menstruating",19,0,0,0,0,0,0,0,0,0,2,0,0,0,0,0,0,0,1,0,1,0,1,0,0,0,32,30,2,20,0,0,0,0,0,0,"Menstruating"
40,1,6,"4 years",1,1,"Multiple sclerosis","No",8,6,0,0,14,"Yes",0,0,NA,0,0,"Menstruating",40,"Menstruating",26,0,0,0,0,0,0,0,0,0,2,1,1,1,0,0,0,0,2,0,1,0,1,0,0,0,40,34,6,8,6,0,0,0,0,0,"Menstruating"
40,1,15,"> 5 years",1,1,"Other","No",19,2,0,1,11,"Yes",0,0,1,0,0,"Menstruating",40,"Menstruating",29,1,0,0,0,0,1,0,0,0,2,0,0,0,0,0,0,0,2,0,1,0,1,0,0,1,40,25,15,19,2,0,0,0,0,0,"Menstruating"
26,1,1,"1 year",1,1,"None","No",19,1,0,1,11,"Yes",0,0,2,0,0,"Menstruating",26,"Menstruating",15,0,0,0,0,0,0,0,1,0,2,1,0,0,0,0,1,0,1,0,1,0,1,0,0,0,26,25,1,19,1,0,0,0,0,0,"Menstruating"
42,1,1,"1 year",1,1,"Diabetes mellitus","No",39,4,0,1,14,"Yes",0,0,1,0,1,"Menstruating",42,"Menstruating",28,0,0,0,0,0,0,0,1,0,2,0,0,0,0,0,0,0,1,1,1,0,1,0,0,0,42,41,1,39,4,0,0,0,0,0,"Menstruating"
23,1,1,"6 months–1 year",1,1,"None","Yes",39,3,0,0,15,"No",0,1,NA,0,1,"Menstruating",23,"Menstruating",8,0,0,0,0,0,0,0,1,1,2,0,0,0,0,0,0,0,2,0,1,0,1,0,0,0,23,22,1,39,3,0,0,0,0,0,"Menstruating"
43,1,6,"> 5 years",1,0,"None","Yes",12,0,0,1,12,"Yes",0,0,2,0,0,"Menstruating",43,"Menstruating",31,0,0,0,0,0,0,0,0,0,2,0,0,0,0,0,0,0,1,0,1,0,1,0,0,0,43,37,6,12,0,0,0,0,0,0,"Menstruating"
38,1,1.6,"< 6 months",1,1,"Rheumatoid arthritis","Yes",47,2,0,1,10,"Yes",0,0,3,0,0,"Menstruating",38,"Menstruating",28,0,0,0,0,0,0,0,0,0,2,0,0,0,0,0,0,0,2,0,1,1,1,0,0,0,38,36.4,1.6,47,2,0,0,0,0,0,"Menstruating"
35,1,1,"< 6 months",1,0,"None","No",20,1,0,1,14,"Yes",0,0,1,0,0,"Menstruating",35,"Menstruating",21,0,0,0,0,0,0,0,0,0,2,0,0,0,0,0,0,0,2,0,1,0,1,0,0,0,35,34,1,20,1,0,0,0,0,0,"Menstruating"
32,1,1,"< 6 months",1,1,"Hypertension","No",32,3,0,0,10,"Yes",0,0,NA,1,1,"Menstruating",32,"Menstruating",22,0,0,0,0,0,0,0,0,0,2,0,0,0,0,0,0,0,1,0,1,0,1,0,0,0,32,31,1,32,3,0,0,0,0,0,"Menstruating"
57,1,15,"2 years",1,1,"Diabetes mellitus","No",54,11,0,1,10,"Yes",1,1,3,1,0,"Amenhorrea",44,"Amenhorrea",34,0,1,1,0,0,1,0,0,0,2,0,0,0,0,0,0,0,1,1,1,0,1,0,0,1,57,42,15,54,11,0,0,0,0,0,"Amenorrhea_surgical"
60,1,26,"> 10 years",1,0,"Diabetes mellitus","Yes",34,2,0,1,11,"Yes",1,1,2,0,0,"Amenhorrea",40,"Amenhorrea",29,0,0,0,0,0,0,0,1,0,2,0,0,0,0,0,0,0,1,1,1,0,1,0,0,0,60,34,26,34,2,0,0,0,0,0,"Amenorrhea_surgical"
36,1,20,"< 6 months",1,0,"None","No",15,3,0,0,10,"Yes",0,0,NA,0,0,"Menstruating",36,"Menstruating",26,0,0,0,0,0,0,0,0,0,2,0,0,0,0,0,0,0,1,0,1,0,1,0,0,0,36,16,20,15,3,0,0,0,0,0,"Menstruating"
41,1,16,"2 years",0,0,"Other","No",34,4,0,1,12,"No",1,1,4,0,1,"Amenhorrea",40,"Amenhorrea",28,0,0,0,0,0,0,0,1,0,2,0,0,0,0,0,0,0,1,0,1,0,1,0,0,0,41,25,16,34,4,0,0,0,0,0,"Amenorrhea_surgical"
35,1,10,"6 months–1 year",1,1,"Hypertension","Yes",6,2,0,0,11,"No",0,0,NA,1,0,"Menstruating",35,"Menstruating",24,0,0,0,0,0,0,0,0,0,2,0,0,0,0,0,0,0,1,0,1,0,1,0,0,0,35,25,10,6,2,0,0,0,0,0,"Menstruating"
31,1,2,"< 6 months",1,1,"Other","Yes",18,2,0,0,12,"Yes",0,0,NA,0,1,"Menstruating",31,"Menstruating",19,0,0,0,0,0,0,0,0,0,2,0,0,0,0,0,0,0,2,0,1,0,1,0,0,0,31,29,2,18,2,0,0,0,0,0,"Menstruating"
51,1,26,"> 10 years",0,1,"Thyroid disease","No",72,6,0,0,11,"Yes",0,0,NA,0,0,"Menstruating",51,"Menstruating",40,0,0,0,0,0,0,0,0,0,2,0,0,0,0,0,0,0,1,0,1,1,1,0,0,0,51,25,26,72,6,0,0,0,0,0,"Menstruating"
