"record_ID","country","names","paternal_surname","maternal_surname","sex","cell_number","email","calculated_age","age_at_survey","period_age","last_period","last_period_age","cycle_regularity","pregnant","pregnancies","pregnancies_number","pregn_compl","pregn_end","pregn_end_2","pregn_end_3","pregn_end_4","pregn_end_5","preeclampsie","preeclampsie_2","preeclampsie_3","preeclampsie_4","preeclampsie_5","aborto","enf_hipertensiva_embarazo","diabetes_gestacional","ectopico","histerectomy","ooforectomy","sop","contraceptives","PlaceOfBirth"
3,5,"Diana Berenice ","Ramírez","Pineda","woman",7471193900,"bererp15@gmail.com",23,23,12,1,23,0,0,0,0,0,0,0,0,0,FALSE,0,0,0,0,FALSE,0,0,0,0,0,0,0,0,13
8,5,"Dianalaura","Hernández","García ","woman",4521437830,"diana.hernandez8921@gmail.com",24,23,11,1,24,0,0,0,0,0,0,0,0,0,FALSE,0,0,0,0,FALSE,0,0,0,0,0,0,0,0,16
20,5,"Maritrini","Colón","González","woman",5535667671,"maritrini99@hotmail.com",42,41,12,1,42,1,0,1,2,0,0,0,0,0,FALSE,0,0,0,0,FALSE,0,0,0,0,0,0,0,0,30
25,5,"Sofía Guadalupe","Salazar","Magaña","woman",4521219849,"sogusama02@gmail.com",20,20,12,1,20,1,0,0,0,0,0,0,0,0,FALSE,0,0,0,0,FALSE,0,0,0,0,0,0,0,0,16
26,5,"Xóchitl Yael","Díaz","Téllez","woman",5526865683,"xochitl.happy@gmail.com",21,21,12,1,21,1,0,0,0,0,0,0,0,0,FALSE,0,0,0,0,FALSE,0,0,0,0,0,0,0,0,7
39,5,"Ana Valeria","Mendoza ","Martínez ","woman",4191229314,"amendoza74@alumnos.uaq.mx",22,22,11,1,22,1,0,0,0,0,0,0,0,0,FALSE,0,0,0,0,FALSE,0,0,0,0,0,0,0,0,12
45,5,"Mónica","Padilla","Gálvez","woman",6861076644,"monicapadilla905@gmail.com",25,24,12,1,25,2,0,0,0,0,0,0,0,0,FALSE,0,0,0,0,FALSE,0,0,0,0,0,0,0,0,2
58,5,"ireri alejandra","carbajal","valenzuela","woman",4424585007,"jancarval@hotmail.com",31,30,14,1,31,1,0,1,1,0,2,0,0,0,FALSE,0,0,0,0,FALSE,0,0,0,0,0,0,1,1,22
62,5,"María Fernanda","Maldonado","Lira","woman",4271446867,"maldonadoliramf15@gmail.com",23,23,12,1,23,0,0,0,0,0,0,0,0,0,FALSE,0,0,0,0,FALSE,0,0,0,0,0,0,0,0,22
64,5,"Abril Xiomara","Lopez"," Ortega","woman",6691500502,"abrillopezo96@gmail.com",26,26,12,1,26,1,0,0,0,0,0,0,0,0,FALSE,0,0,0,0,FALSE,0,0,0,0,0,0,0,0,25
71,5,"Mariana Guadalupe ","Villegas ","Bolaños ","woman",4426191908,"viperqromarianaguadalupe@hotmail.com",26,26,12,1,26,0,0,1,1,0,0,0,0,0,FALSE,0,0,0,0,FALSE,0,0,0,0,0,0,0,0,22
73,5,"Citlali Anahi","Suárez","Rangel ","woman",4422721272,"anahisuuarez@gmail.com",24,24,13,1,24,1,0,0,0,0,0,0,0,0,FALSE,0,0,0,0,FALSE,0,0,0,0,0,0,0,0,22
78,5,"Montserrat ","Soberanes","Morales","woman",4271320554,"montsesm13@gmail.com",25,24,11,1,24,1,0,1,1,0,2,0,0,0,FALSE,0,0,0,0,FALSE,1,0,0,0,0,0,0,0,22
80,5,"Maria Magdalena","Zamora","Corona","woman",4421183370,"magdalenazamorac@gmail.com",29,29,13,1,29,1,0,0,0,0,0,0,0,0,FALSE,0,0,0,0,FALSE,0,0,0,0,0,0,0,1,22
82,5,"María Fernanda","Talavera","Cruz","woman",5552960670,"fer_talavera@comunidad.unam.mx",22,22,11,1,22,1,0,0,0,0,0,0,0,0,FALSE,0,0,0,0,FALSE,0,0,0,0,0,0,0,0,11
102,5,"María Sofía ","Pardo","Reyes","woman",2227080103,"sofia.reyes2605@gmail.com",31,30,14,1,31,0,0,0,0,0,0,0,0,0,FALSE,0,0,0,0,FALSE,0,0,0,0,0,0,1,0,21
106,5,"Laura Josefina","Hernández ","Soriano","woman",4622706677,"laura.hernandez@cinvestav.mx",32,32,12,1,32,0,0,1,1,0,0,0,0,0,FALSE,0,0,0,0,FALSE,0,0,0,0,0,0,1,0,18
115,5,"Guadalupe Denisse ","Rivera ","Bautista ","woman",4731171901,"deanis.n1@gmail.com",30,29,12,1,30,1,0,0,0,0,0,0,0,0,FALSE,0,0,0,0,FALSE,0,0,0,0,0,0,0,0,12
120,5,"Angela Guadalupe ","Juarez","Corona","woman",4612083969,"agjuarezcorona@gmail.com",33,33,11,1,33,1,0,0,0,0,0,0,0,0,FALSE,0,0,0,0,FALSE,0,0,0,0,0,0,0,0,21
122,5,"ZYANYA GLORIA","MENA","CASAS","woman",4421360125,"zyanyamc@gmail.com",35,34,11,1,35,1,0,1,1,0,2,0,0,0,FALSE,0,0,0,0,FALSE,1,0,0,0,0,0,0,0,22
146,5,"Tania Tayde","Islas ","Flores","woman",9981621041,"tislasf@gmail.com",44,43,14,1,44,0,0,1,2,0,1,2,0,0,FALSE,0,0,0,0,FALSE,0,0,0,1,0,0,1,0,17
161,5,"Fryda Sofía ","Rivera ","Medina","woman",4424662246,"fryda.riv.fr@gmail.com",21,21,12,1,21,1,0,0,0,0,0,0,0,0,FALSE,0,0,0,0,FALSE,0,0,0,0,0,0,0,1,22
179,5,"Dafne Azuby","Arreola ","Santana","woman",4427788418,"azuby23@gmail.com",21,21,9,1,21,1,0,0,0,0,0,0,0,0,FALSE,0,0,0,0,FALSE,0,0,0,0,0,0,0,0,20
184,5,"Paulette ","Heredia ","Mejía ","woman",4426240628,"paulette.heredia.m@gmail.com",23,23,13,1,23,1,0,0,0,0,0,0,0,0,FALSE,0,0,0,0,FALSE,0,0,0,0,0,0,0,0,22
223,5,"Brenda Andrea ","Lozano ","Resendiz ","woman",4428805167,"b.andrea.lozano@gmail.com",29,28,9,1,29,1,0,0,0,0,0,0,0,0,FALSE,0,0,0,0,FALSE,0,0,0,0,0,0,0,0,22
235,5,"Tzitzi Alhelí","Marín","Juárez ","woman",4423648573,"tzitzimj@gmail.com",31,31,11,1,31,1,0,0,0,0,0,0,0,0,FALSE,0,0,0,0,FALSE,0,0,0,0,0,0,0,0,11
243,5,"Grecia Leticia ","Sevilla","Parra","woman",3118472509,"greletsp27@gmail.com",23,22,11,1,23,0,0,0,0,0,0,0,0,0,FALSE,0,0,0,0,FALSE,0,0,0,0,0,0,0,0,18
244,5,"Mariana","Rivero ","Romano","woman",7341100831,"mrivero@lcg.unam.mx",25,25,10,1,25,1,0,0,0,0,0,0,0,0,FALSE,0,0,0,0,FALSE,0,0,0,0,0,0,0,0,17
246,5,"Maria Fernanda ","Requena","Romo ","woman",5539292368,"requenaf258@gmail.com",21,21,15,1,22,0,0,0,0,0,0,0,0,0,FALSE,0,0,0,0,FALSE,0,0,0,0,0,0,0,0,11
266,5,"Mariana Giselle","Flores","Cruz","woman",8331860333,"mariflores2708@gmail.com",21,21,11,1,21,1,0,0,0,0,0,0,0,0,FALSE,0,0,0,0,FALSE,0,0,0,0,0,0,0,0,28
274,5,"Grecia Leticia","Sevilla","Parra","woman",3118472509,"greletsp27@gmail.com",22,22,11,0,20,1,0,0,0,0,0,0,0,0,FALSE,0,0,0,0,FALSE,0,0,0,0,0,0,0,0,18
275,5,"Jessica Gabriela","Trujillo","Barrientos","woman",4422737914,"jess.trujillo2@gmail.com",25,24,15,1,25,1,0,0,0,0,0,0,0,0,FALSE,0,0,0,0,FALSE,0,0,0,0,0,0,0,0,22
291,5,"Aurora María","Olvera ","Vidal","woman",4422753974,"aurora.olvera.vidal@gmail.com",36,36,13,1,36,1,0,0,0,0,0,0,0,0,FALSE,0,0,0,0,FALSE,0,0,0,0,0,0,0,0,22
305,5,"María Fernanda","Rendón","Montaudón","woman",4422015080,"rendon.marifer21@gmail.com",23,23,10,1,23,1,0,0,0,0,0,0,0,0,FALSE,0,0,0,0,FALSE,0,0,0,0,0,0,0,0,7
448,5,"Brenda Andrea ","Lozano ","Resendiz ","woman",4428805167,"b.andrea.lozano@gmail.com",29,28,9,1,29,1,0,0,0,0,0,0,0,0,FALSE,0,0,0,0,FALSE,0,0,0,0,0,0,0,0,22
458,5,"Daniela","Jiménez","Vargas","woman",5525320364,"dajiva@ymail.com",22,21,12,1,22,1,0,0,0,0,0,0,0,0,FALSE,0,0,0,0,FALSE,0,0,0,0,0,0,0,0,7
523,5,"Miriam ","Millan","Rocha","woman",5528841589,"mirimillan@hotmail.com",44,43,12,1,7,1,0,0,0,0,0,0,0,0,FALSE,0,0,0,0,FALSE,0,0,0,0,0,0,0,1,7
552,5,"maría Guadalupe ","martinez ","montuoso","woman",4611833534,"lupita150994mtz@gmail.com",28,28,12,1,28,1,0,0,0,0,0,0,0,0,FALSE,0,0,0,0,FALSE,0,0,0,0,0,0,0,0,12
581,5,"Gabriela Jimena","Ochoa","Perez","woman",4422812616,"jimena_ochoa@hotmail.com",43,43,11,1,43,1,0,1,4,0,0,2,0,0,FALSE,0,0,0,0,FALSE,0,0,0,0,0,0,0,0,7
586,5,"Daniela","De anda","Mendoza","woman",4428752102,"daniddm21@gmail.com",27,26,12,1,27,1,0,0,0,0,0,0,0,0,FALSE,0,0,0,0,FALSE,0,0,0,0,0,0,0,0,22
629,5,"Mónica ","Piña","Sarabia","woman",4423225156,"monimon_93@hotmail.com",30,29,11,1,30,1,0,0,0,0,0,0,0,0,FALSE,0,0,0,0,FALSE,0,0,0,0,0,0,1,0,22
909,5,"María Guadalupe","García ","Gomar","woman",4423396326,"guadalupe_gomar@unam.mx",37,36,13,1,37,1,0,0,0,0,0,0,0,0,FALSE,0,0,0,0,FALSE,0,0,0,0,0,0,1,0,7
1383,5,"Zaira Daniela   ","García","Arredondo","woman",4181290336,"garcia271000@gmail.com",23,22,10,1,23,0,0,0,0,0,0,0,0,0,FALSE,0,0,0,0,FALSE,0,0,0,0,0,0,0,0,12
1744,5,"Diane Michelle","Gonzalez","García ","woman",5564371956,"diane29gonzalez@outlook.com",19,18,12,1,19,0,0,0,0,0,0,0,0,0,FALSE,0,0,0,0,FALSE,0,0,0,0,0,0,0,0,17
1757,5,"Ana luisa","Alarcon","Díaz ","woman",7222411313,"Ana.luisa.1708113@gmail.com",24,24,14,1,24,0,0,0,0,0,0,0,0,0,FALSE,0,0,0,0,FALSE,0,0,0,0,0,0,0,0,11
1764,5,"Ana Isabel ","González","Aguillón","woman",4181064215,"anaisabbel4@gmail.com",22,22,11,1,22,1,0,1,1,0,2,0,0,0,FALSE,0,0,0,0,FALSE,1,0,0,0,0,0,0,0,12
1769,5,"Daniela","Cárdenas","Covarrubias ","woman",5512742475,"danylua@hotmail.com",24,24,13,1,24,1,0,0,0,0,0,0,0,0,FALSE,0,0,0,0,FALSE,0,0,0,0,0,0,0,0,11
1806,5,"Erandi","Zamudio","Alcántar","woman",7224032865,"Erandi95za@gmail.com",29,28,11,1,29,1,0,0,0,0,0,0,0,0,FALSE,0,0,0,0,FALSE,0,0,0,0,0,0,0,0,16
1810,5,"Jennyfer ","Hernández ","Espinoza","woman",5569678036,"Jennyferly21@hotmail.com",24,24,14,1,24,1,0,0,0,0,0,0,0,0,FALSE,0,0,0,0,FALSE,0,0,0,0,0,1,1,0,7
1881,5,"Montserrat","Aguilar ","Alvarez","woman",4422260982,"Montseag01@gmail.com",22,22,13,1,22,1,0,0,0,0,0,0,0,0,FALSE,0,0,0,0,FALSE,0,0,0,0,0,0,0,0,22
1941,5,"Ingrid María","Trinidad","Seeldrayers","woman",524427832846,"ingridts97@gmail.com",27,26,12,1,27,1,0,0,0,0,0,0,0,0,FALSE,0,0,0,0,FALSE,0,0,0,0,0,0,0,1,22
2295,5,"Alisson ","Miguel ","Basaldua ","woman",4425466757,"alisson.serazz@gmail.com",27,27,14,1,27,1,0,0,0,0,0,0,0,0,FALSE,0,0,0,0,FALSE,0,0,0,0,0,0,0,0,NA
2306,5,"Paola","Alcántara ","Cordero ","woman",4421464162,"paolantes@gmail.com",33,33,13,1,33,1,0,1,1,0,2,0,0,0,FALSE,0,0,0,0,FALSE,0,0,0,0,0,1,0,0,11
2398,5,"Mercedes ","Perez","Gomez","woman",4426095545,"Mercedes23delgado@gmail.com",36,36,12,1,37,1,0,1,3,0,0,0,0,0,FALSE,0,0,0,0,FALSE,0,0,0,0,0,0,0,0,22
2437,5,"AZUCENA","alcantar","becerra","woman",4427778399,"azucenaa019@gmail.com",23,23,15,1,23,0,0,1,1,0,2,0,0,0,FALSE,0,0,0,0,FALSE,1,0,0,0,0,0,0,0,16
2438,5,"Hortencia","Olvera ","Puga","woman",4131007911,"Hortencias74@gmail.com",49,49,16,0,47,1,0,1,3,0,0,0,0,0,FALSE,0,0,0,0,FALSE,0,0,0,0,0,0,0,0,12
2446,5,"María Isela","García","Martínez","woman",3317213605,"mi.garciamar96@gmail.com",27,27,12,1,27,1,0,0,0,0,0,0,0,0,FALSE,0,0,0,0,FALSE,0,0,0,0,0,0,0,1,16
2489,5,"Areli estefania","jimenez","galvan","woman",4423543127,"ariele59@gmail.com",30,30,12,1,30,1,0,0,0,0,0,0,0,0,FALSE,0,0,0,0,FALSE,0,0,0,0,0,0,0,0,22
2493,5,"Laura Angélica ","Anguiano","Montañez","woman",4423247148,"Anglau8520@gmail.com",38,38,11,1,38,1,0,0,0,0,0,0,0,0,FALSE,0,0,0,0,FALSE,0,0,0,0,0,0,0,0,7
2527,5,"Anel","Martinez","Morales","woman",4423512880,"anelmar6@hotmail.com",48,48,14,0,46,1,0,0,0,0,0,0,0,0,FALSE,0,0,0,0,FALSE,0,0,0,0,0,0,0,0,14
2531,5,"Erica","Garcia","Sanchez","woman",5644681247,"Erizurielsanchez0911@gmail.com",35,35,13,1,36,1,0,1,2,0,0,0,0,0,FALSE,0,0,0,0,FALSE,0,0,0,0,0,0,0,0,11
2532,5,"Youvana","Heredía ","Otero","woman",5584810625,"youvanaheredía8b@gmail.com",32,32,15,1,32,1,0,1,1,0,0,0,0,0,FALSE,0,0,0,0,FALSE,0,0,0,0,0,0,0,0,7
2533,5,"yesika susana","Gonzalez ","Aguilar","woman",5531410481,"yesikasu@hotmail.com",49,49,11,1,49,1,0,1,2,0,0,0,0,0,FALSE,0,0,0,0,FALSE,0,0,0,0,0,0,0,0,7
2552,5,"Camila","Villazón","Soto Innes","woman",7775215047,"camivillazon2@gmail.com",21,21,12,1,21,1,0,0,0,0,0,0,0,0,FALSE,0,0,0,0,FALSE,0,0,0,0,0,0,0,0,7
2621,5,"Brenda Lizeth","Escarcega","Na","woman",4427807774,"escarcegabrenda28@gmail.com",20,20,14,1,20,2,0,0,0,0,0,0,0,0,FALSE,0,0,0,0,FALSE,0,0,0,0,0,0,0,0,6
2624,5,"claudia veronica","resendiz","angeles","woman",4461093718,"resendizclaudiav@gmail.com",30,30,13,1,30,1,0,0,0,0,0,0,0,0,FALSE,0,0,0,0,FALSE,0,0,0,0,0,0,0,0,22
2626,5,"Liliana ","Cruz","Arroyo","woman",4425676775,"lili.d.@gmail.com",35,35,13,1,35,0,0,1,3,0,0,0,0,0,FALSE,0,0,0,0,FALSE,0,0,0,0,0,0,0,0,16
2627,5,"Maria guadalupe ","Resendiz","Perez","woman",4426751450,"lupitaresendiz060897@gmail.com",26,26,11,1,27,0,0,1,3,0,2,0,0,0,FALSE,0,0,0,0,FALSE,1,0,0,1,0,0,0,0,22
2642,5,"Ana lilia","Sanchez ","Gutierrez","woman",4192510078,"Na@gmail.com",34,34,12,1,34,1,0,1,4,0,0,1,0,0,FALSE,0,0,0,0,FALSE,1,0,0,0,0,0,1,0,22
2643,5,"sandra","rangel","guerrero","woman",4423972461,"zandy300@gmail.com",30,30,13,1,30,1,0,1,4,0,0,0,0,2,FALSE,0,0,0,0,FALSE,1,0,0,0,0,0,0,0,22
2644,5,"Citlali ","Torres","Rico","woman",4427216008,"ctorresrico23@gmail.com",23,23,13,1,23,1,0,0,0,0,0,0,0,0,FALSE,0,0,0,0,FALSE,0,0,0,0,0,0,0,0,22
2655,5,"Monica","Hernandez ","Alegria","woman",4424962554,"Alegriam280@gmail.com",20,20,12,1,20,0,0,0,0,0,0,0,0,0,FALSE,0,0,0,0,FALSE,0,0,0,0,0,0,0,0,22
2657,5,"Rosa Ana","Garcia","Cruces","woman",4181021426,"rosy05@live.com",33,33,12,1,37,1,0,0,0,0,0,0,0,0,FALSE,0,0,0,0,FALSE,0,0,0,0,0,0,0,0,12
2661,5,"Concepción ","Bello","Mondragón ","woman",4423367303,"Coni3bello@gmail.com",39,39,11,1,39,1,0,1,3,0,0,0,0,0,FALSE,0,0,0,0,FALSE,0,0,0,0,0,0,0,0,12
2673,5,"Rebeca ","olvera","trejo","woman",4421382412,"rolvera1010@gmail.com",30,30,15,1,30,1,0,0,0,0,0,0,0,0,FALSE,0,0,0,0,FALSE,0,0,0,0,0,0,0,0,7
2675,5,"Antonia ","Pérez ","Tellez ","woman",4481227161,"AntoniapT80@gmail.com",43,43,14,1,43,1,0,1,4,0,0,0,0,0,FALSE,0,0,0,0,FALSE,0,0,0,0,0,0,0,0,22
2677,5,"Sarahi","Delgado","Morales","woman",5513095919,"sara801125@hotmail.com",43,43,15,1,43,1,0,1,2,0,0,0,0,0,FALSE,0,0,0,0,FALSE,0,0,0,0,0,0,0,0,7
2678,5,"claudia","alvarez ","calzada ","woman",4428141137,"clau.alvarez.mx@gmail.com",38,38,11,1,38,1,0,1,3,0,0,0,0,0,FALSE,0,0,0,0,FALSE,0,0,0,0,0,0,0,0,12
2683,5,"jacquelin","Hernández ","ramirez","woman",4142193290,"notiene@hotmail.com",24,24,11,1,24,1,0,0,0,0,0,0,0,0,FALSE,0,0,0,0,FALSE,0,0,0,0,0,0,0,0,22
2684,5,"Maria albina","Mendoza","Guerrero","woman",4411233497,"mendozaalbina66@gmail.com",37,37,12,1,37,1,0,1,3,0,0,0,0,0,FALSE,0,0,0,0,FALSE,0,0,0,0,0,0,0,0,22
2687,5,"Jennifer ","Aguilar ","Rivera ","woman",4421044124,"jennifer@cdsh.edu",20,20,13,1,20,1,0,0,0,0,0,0,0,0,FALSE,0,0,0,0,FALSE,0,0,0,0,0,0,0,0,22
2697,5,"Wendy Yasmin","Garcia","Romero","woman",4461313478,"wenmero08319@gmail.com",21,21,13,1,21,0,0,1,1,0,2,0,0,0,FALSE,1,0,0,0,FALSE,1,1,0,0,0,0,0,0,22
2698,5,"Yolanda","Delgado","Guerrero","woman",4424520068,"Yolandadg@gmail.com",41,41,14,1,41,1,0,1,1,0,0,0,0,0,FALSE,2,0,0,0,FALSE,0,0,0,0,0,0,0,0,12
2706,5,"Dolores Elisa","mondragon","sanchez","woman",4211032187,"mondragonsanchezdoloreselisa@gmail.com",32,32,14,1,32,1,0,1,1,0,0,0,0,0,FALSE,0,0,0,0,FALSE,0,0,0,0,0,0,0,0,20
2728,5,"Elizabeth ","Linares","Alvarez","woman",2224221810,"elilinaresa@gmail.com",22,22,12,1,22,1,0,0,0,0,0,0,0,0,FALSE,0,0,0,0,FALSE,0,0,0,0,0,0,0,1,21
2730,5,"María Fernanda ","Bravo","García","woman",4423271693,"clases.fernandabravo@gmail.com",27,27,11,1,27,1,0,0,0,0,0,0,0,0,FALSE,0,0,0,0,FALSE,0,0,0,0,0,0,0,0,22
2733,5,"Estrella ","Bernardino ","Ruiz ","woman",7774401868,"estrellaruiz373@gmail.com",19,18,9,1,19,2,0,0,0,0,0,0,0,0,FALSE,0,0,0,0,FALSE,0,0,0,0,0,0,0,0,17
2734,5,"Claudia Sofía","Estebanez","Guzmán","woman",7774232679,"claudinski02@gmail.com",21,21,9,1,21,1,0,0,0,0,0,0,0,0,FALSE,0,0,0,0,FALSE,0,0,0,0,0,0,0,0,17
2864,5,"Marisol","Cano","Pérez ","woman",4421465280,"Mari.cano.p@gmail.com",35,35,16,1,35,1,0,1,3,0,0,0,0,0,FALSE,0,0,0,0,FALSE,0,0,0,0,0,0,1,0,12
2866,5,"Adriana Mariela","Nuñez","Lopez","woman",4422055728,"nulamar03@gmail.com",40,40,12,1,40,1,0,0,0,0,0,0,0,0,FALSE,0,0,0,0,FALSE,0,0,0,0,0,0,0,0,22
3062,5,"Samantha Melissa","Pacheco","Gomez","woman",9222890949,"sam.pg.elo@gmail.com",18,18,11,1,18,1,0,0,0,0,0,0,0,0,FALSE,0,0,0,0,FALSE,0,0,0,0,0,0,0,0,30
3132,5,"Alexandra Guadalupe","Moreno","Hinojosa","woman",8321061494,"hinojosaalex0207@gmail.com",22,22,13,1,22,0,0,0,0,0,0,0,0,0,FALSE,0,0,0,0,FALSE,0,0,0,0,0,0,1,0,28
3133,5,"Maria fernanda","Coca","Sanchez","woman",4426824957,"fcoca548@gmail.com",23,23,12,1,23,1,0,0,0,0,0,0,0,0,FALSE,0,0,0,0,FALSE,0,0,0,0,0,0,0,0,22
3187,5,"Flor Anali","Borja","Zaldumbide","woman",4424318888,"analiborjaz@gmail.com",40,40,13,1,40,1,0,0,0,0,0,0,0,0,FALSE,0,0,0,0,FALSE,0,0,0,0,0,0,0,0,22
3192,5,"Alma Paola","Padilla ","Nuñez","woman",4428241558,"pao.pamd94@gmail.com",29,29,12,1,29,1,0,1,3,0,2,2,0,0,FALSE,0,0,0,0,FALSE,1,0,0,0,0,0,0,0,22
3247,5,"Imelda del Rocio ","Navarro","Godínez ","woman",4424397600,"ime.navarro@hotmail.com",29,29,15,1,29,1,0,0,0,0,0,0,0,0,FALSE,0,0,0,0,FALSE,0,0,0,0,0,0,0,0,22
3361,5,"Sarahí ","Esteban ","Pérez ","woman",4427739401,"sarahii.ep.17@gmail.com",30,30,12,1,30,1,0,0,0,0,0,0,0,0,FALSE,0,0,0,0,FALSE,0,0,0,0,0,0,0,1,16
3363,5,"Anna Fernanda","Camacho","Ledezma","woman",4423453705,"camacholannafernanda@gmail.com",21,21,10,1,21,1,0,0,0,0,0,0,0,0,FALSE,0,0,0,0,FALSE,0,0,0,0,0,0,0,1,22
3364,5,"Ana Sofia","Del Angel","Zambrano","woman",4422700014,"anasodz45@gmail.com",24,24,12,1,24,1,0,0,0,0,0,0,0,0,FALSE,0,0,0,0,FALSE,0,0,0,0,0,0,0,0,28
3446,5,"Julieta ","Ramírez ","Olvera","woman",4927727903,"ramirezolverajuli365@gmail.com",22,22,12,1,22,1,0,1,1,0,0,0,0,0,FALSE,0,0,0,0,FALSE,0,0,0,0,0,0,0,0,22
3485,5,"Maritrini","Colón","González","woman",5535667671,"maritrini99@hotmail.com",43,43,11,1,43,1,0,1,2,0,0,0,0,0,FALSE,0,0,0,0,FALSE,0,0,0,0,0,0,0,0,30
3518,5,"Ana Karen","Trujillo","Arcos","woman",5525243753,"tuaa011220@gmail.com",23,23,9,1,23,1,0,0,0,0,0,0,0,0,FALSE,0,0,0,0,FALSE,0,0,0,0,0,0,0,0,7
3531,5,"Bosnia Alejandrina","Bravo","Valencia","woman",4421275993,"bosnialejandrina@gmail.com",31,31,12,1,31,1,0,0,0,0,0,0,0,0,FALSE,0,0,0,0,FALSE,0,0,0,0,0,0,0,0,16
3577,5,"Fabiola Yeseline ","Zamudio ","Castellanos ","woman",9622129414,"faby_1nova@hotmail.com",35,35,13,1,35,1,0,0,0,0,0,0,0,0,FALSE,0,0,0,0,FALSE,0,0,0,0,0,0,0,0,5
3618,5,"Leslie ","Rentería","Cervantes ","woman",4423964072,"renterialeslie3@gmail.com",18,18,13,1,18,1,0,0,0,0,0,0,0,0,FALSE,0,0,0,0,FALSE,0,0,0,0,0,0,0,0,22
3682,5,"Antonieta ","García ","Peña","woman",44282402,"tony.garciap82@gmail.com",42,42,12,0,40,1,0,1,4,0,0,0,0,0,FALSE,0,0,0,0,FALSE,0,0,0,0,0,0,0,1,12
3727,5,"Veronica","Avila","Rojas","woman",4421450338,"vero.flaka.123@gmail.com",33,33,12,1,33,1,0,1,4,0,0,0,0,0,FALSE,0,0,0,0,FALSE,0,0,0,0,0,0,0,0,22
3781,5,"Daniela","Hernandez","Refugio","woman",5612026986,"Daniela.hernandezr0406@gmail.com",18,18,9,1,18,1,0,0,0,0,0,0,0,0,FALSE,0,0,0,0,FALSE,0,0,0,0,0,0,0,0,22
3782,5,"Montserrat Anette","Plata","Balderas","woman",4427733183,"montbalderas@gmail.com",18,18,11,0,18,1,0,0,0,0,0,0,0,0,FALSE,0,0,0,0,FALSE,0,0,0,0,0,0,0,0,22
3783,5,"Rosa Isela ","Pacheco","Martínez ","woman",4428146938,"iselap786@gmail.com",19,19,14,1,19,1,0,0,0,0,0,0,0,0,FALSE,0,0,0,0,FALSE,0,0,0,0,0,0,0,0,22
3850,5,"Mayra itzel","Ayala","Duran ","woman",4481168642,"Itzelayaladuran@gmail.com",23,23,12,1,23,1,0,0,0,0,0,0,0,0,FALSE,0,0,0,0,FALSE,0,0,0,0,0,0,0,0,22
3859,5,"Elizabeth","Lucio","Sánchez","woman",4461248799,"EliSánchez.02.13@gmail.com",22,22,12,1,25,1,0,0,0,0,0,0,0,0,FALSE,0,0,0,0,FALSE,0,0,0,0,0,0,0,0,22
3862,5,"María Guadalupe","Mendez","Piña","woman",4434639829,"guadalupema2016@outlook.com",30,30,16,0,31,0,0,0,0,0,0,0,0,0,FALSE,0,0,0,0,FALSE,0,0,0,0,0,0,0,0,16
4886,5," Nínive Tanairy","Rodríguez ","Ochoa","woman",5541441898,"ninive.rdz.ochoa@gmail.com",34,34,12,1,34,1,0,0,0,0,0,0,0,0,FALSE,0,0,0,0,FALSE,0,0,0,0,0,0,0,0,21
4891,5,"Azucena Danael","Alvarez ","Diaz","woman",7471020064,"19288@uagro.mx",30,30,12,1,30,1,0,1,1,0,1,0,0,0,FALSE,1,0,0,0,FALSE,1,1,0,0,0,0,0,0,17
4893,5,"MAYRUT OSDELY","URIOSTEGUI ","ACOSTA","woman",7471485608,"17227@UAGRO.MX",45,45,12,1,45,0,1,1,3,0,2,2,2,0,FALSE,0,0,0,0,FALSE,0,0,0,0,0,0,0,0,13
4896,5,"Arely ","Curiel ","Ignacio ","woman",7471440378,"arelycuriel05@gmail.com",20,20,12,1,20,1,0,0,0,0,0,0,0,0,FALSE,0,0,0,0,FALSE,0,0,0,0,0,0,0,0,13
4908,5,"Lucrecia","Mondragón ","Sosa ","woman",7471315472,"luckymondragon@gmail.com",61,61,12,0,12,1,0,1,3,0,0,0,0,0,FALSE,0,0,0,0,FALSE,0,0,0,0,1,0,0,0,13
4909,5,"Lucrecia ","Mondragón ","Sosa","woman",7471315472,"luckymondragon@gmail.com",61,61,12,0,50,1,0,1,3,0,0,0,0,0,FALSE,0,0,0,0,FALSE,0,0,0,0,1,0,0,0,13
4930,5,"Melina Estrella","Morales","Santos","woman",7442669374,"melimor534@gmail.com",22,22,13,1,22,1,0,0,0,0,0,0,0,0,FALSE,0,0,0,0,FALSE,0,0,0,0,0,0,0,0,13
4936,5,"Adriana ","Pacheco ","Mondragón ","woman",7471106074,"adipachecomondragon@gmail.com",52,52,13,0,40,1,0,1,2,0,0,0,0,0,FALSE,0,0,0,0,FALSE,0,0,0,0,1,0,0,0,7
4939,5,"Blanca Esthela","Álvarez","Fernández","woman",7472251875,"blanca.alvarez@uagro.mx",49,49,13,0,40,1,0,1,2,0,0,0,0,0,FALSE,0,0,0,0,FALSE,0,0,0,0,1,1,0,0,13
4943,5,"Petra Ashlyn","Morales","Cornejo","woman",7471503855,"macpetra@hotmail.com",24,24,12,1,24,1,0,0,0,0,0,0,0,0,FALSE,0,0,0,0,FALSE,0,0,0,0,0,0,0,0,13
4976,5,"ELIA EFIGENIA ","CANDIA ","MEDELLIN ","woman",2221404279,"candiamedellin@gmail.com",19,19,11,1,19,0,0,0,0,0,0,0,0,0,FALSE,0,0,0,0,FALSE,0,0,0,0,0,0,1,0,13
4996,5,"LIZBETH","Castro ","RIOS","woman",7421193481,"lizbethcastrorios2007@gmail.com",18,18,12,1,18,0,0,0,0,0,0,0,0,0,FALSE,0,0,0,0,FALSE,0,0,0,0,0,1,1,0,13
5000,5,"Vania Monserrat ","Mayo ","GARCIA","woman",7471140314,"22295478@uagro.mx",18,18,11,1,18,1,0,0,0,0,0,0,0,0,FALSE,0,0,0,0,FALSE,0,0,0,0,0,0,0,0,13
5005,5,"Guadalupe ","Abarca ","Goytia ","woman",7471434534,"goytialupita6@gmail.com",18,18,12,1,18,0,0,0,0,0,0,0,0,0,FALSE,0,0,0,0,FALSE,0,0,0,0,0,0,0,0,13
5012,5,"Ilse","Mancilla ","Dorantes","woman",7471066777,"madoil@icloud.com",35,35,12,1,35,0,0,1,2,0,0,0,0,0,FALSE,0,0,0,0,FALSE,0,0,0,0,0,0,0,0,13
5027,5,"ESTRELLA GUADALUPE","MORENO","ROMERO ","woman",7451156334,"estrellaguadalupemorenoromero@gmail.com",18,18,12,1,18,1,0,0,0,0,0,0,0,0,FALSE,0,0,0,0,FALSE,0,0,0,0,0,0,0,0,13
5028,5,"DANYA DEL CARMEN","EPIFANIO","BIBIANO","woman",7474597519,"13308666@uagro.mx",32,32,10,1,32,1,0,0,0,0,0,0,0,0,FALSE,0,0,0,0,FALSE,0,0,0,0,0,0,0,0,13
5040,5,"Ana Karen ","Herrera","Vargas","woman",7411231036,"ana_herrera_k@hotmail.com",31,31,14,1,31,1,0,1,1,0,0,0,0,0,FALSE,0,0,0,0,FALSE,0,0,0,0,0,0,0,0,13
5044,5,"Dania Alejandra","Nava ","Tapia","woman",7475292353,"danianavatapia@uagro.mx",29,29,12,1,29,0,0,0,0,0,0,0,0,0,FALSE,0,0,0,0,FALSE,0,0,0,0,0,0,0,0,13
5055,5,"Mariana","Villegas ","Hernández ","woman",7471632368,"15326233@uagro.mx",26,26,11,1,26,0,0,0,0,0,0,0,0,0,FALSE,0,0,0,0,FALSE,0,0,0,0,0,0,1,0,13
5057,5,"Natalia","Dorantes ","Hernández ","woman",7441795519,"21405163@uagro.mx",23,23,12,1,23,1,0,0,0,0,0,0,0,0,FALSE,0,0,0,0,FALSE,0,0,0,0,0,0,0,0,13
5112,5,"Judith","Ramirez ","Arroyo ","woman",7331338205,"judy.ramz11@gmail.com",31,31,14,1,31,0,0,0,0,0,0,0,0,0,FALSE,0,0,0,0,FALSE,0,0,0,1,0,0,0,0,13
5119,5,"Betsy Osdely","González"," Ruiz","woman",7571204170,"Bogr.1102@gmail.com",23,23,12,1,23,1,0,0,0,0,0,0,0,0,FALSE,0,0,0,0,FALSE,0,0,0,0,0,0,0,0,13
5120,5,"Perla ","García ","García ","woman",7472745325,"17349424@uagro.mx",23,23,15,1,23,0,2,0,0,0,0,0,0,0,FALSE,0,0,0,0,FALSE,0,0,0,0,0,0,0,0,13
5126,5,"Monserrat ","Pantaleón","Tecomulapa","woman",7471299280,"pantaleonmonse@gmail.com",24,24,13,1,24,2,0,0,0,0,0,0,0,0,FALSE,0,0,0,0,FALSE,0,0,0,0,0,0,0,0,13
5129,5,"Reina Xóchitl ","Álvarez","Hipólito","woman",7471020222,"xochitl.alvarezhipolito@gmail.com",33,33,10,1,33,1,0,0,0,0,0,0,0,0,FALSE,0,0,0,0,FALSE,0,0,0,0,0,0,0,0,13
5184,5,"YANET","ROMERO ","RAMÍREZ ","woman",7471020121,"yanetromero7@gmail.com",42,42,15,1,42,1,0,1,2,0,0,0,0,0,FALSE,0,0,0,0,FALSE,0,1,0,0,0,0,1,0,13
5252,5,"Adriana Aylen","Castillo","Adame","woman",7471241301,"aylenzuki26@gmail.com",20,20,12,1,20,0,0,0,0,0,0,0,0,0,FALSE,0,0,0,0,FALSE,0,0,0,0,0,0,0,0,13
5255,5,"Azucena Nabila ","Echeveverria","Radilla","woman",7471509395,"azucenanabila.e.r@gmail.com",19,19,12,1,19,2,0,0,0,0,0,0,0,0,FALSE,0,0,0,0,FALSE,0,0,0,0,0,0,0,0,7
5261,5,"Hanna Isabel ","Evangelista ","Núñez ","woman",7471670101,"evangelistanunezhannaisabel@gmail.com",20,20,12,1,20,1,0,0,0,0,0,0,0,0,FALSE,0,0,0,0,FALSE,0,0,0,0,0,0,0,0,13
5351,5,"Yessica","Acevedo","Garcia","woman",5527081307,"agyessy@gmail.com",33,33,12,1,33,1,0,0,0,0,0,0,0,0,FALSE,0,0,0,0,FALSE,0,0,0,0,0,0,0,1,17
